Date,NTP,GNSS-Time,Serial-Time,Location-Time,Speed,Latitude,Longitude,Bearing
2024-05-28 16:11:14.047,2024-05-28 16:11:14.066,2024-05-28 16:11:13.996,-,2024-05-28 16:11:14.000,0.0,51.3113202,9.47478858, 0.0
2024-05-28 16:11:15.051,2024-05-28 16:11:15.070,2024-05-28 16:11:15.000,-,2024-05-28 16:11:15.000,0.0,51.31132062,9.47478776, 0.0
2024-05-28 16:11:16.052,2024-05-28 16:11:16.070,2024-05-28 16:11:16.000,-,2024-05-28 16:11:16.000,0.0,51.31132098,9.47478852, 0.0
2024-05-28 16:11:17.045,2024-05-28 16:11:17.064,2024-05-28 16:11:16.993,-,2024-05-28 16:11:17.000,0.0,51.31132086,9.47479103, 0.0
2024-05-28 16:11:18.044,2024-05-28 16:11:18.062,2024-05-28 16:11:17.991,-,2024-05-28 16:11:18.000,0.0,51.31131981,9.47479435, 0.0
2024-05-28 16:11:19.052,2024-05-28 16:11:19.071,2024-05-28 16:11:19.000,-,2024-05-28 16:11:19.000,0.23,51.31131313,9.47480042, 178.5
2024-05-28 16:11:20.048,2024-05-28 16:11:20.067,2024-05-28 16:11:19.996,-,2024-05-28 16:11:20.000,0.21,51.31130843,9.47480308, 243.2
2024-05-28 16:11:21.049,2024-05-28 16:11:21.068,2024-05-28 16:11:20.998,-,2024-05-28 16:11:21.000,0.0,51.31129179,9.47480645, 0.0
2024-05-28 16:11:22.048,2024-05-28 16:11:22.066,2024-05-28 16:11:21.996,-,2024-05-28 16:11:22.000,0.0,51.31128287,9.47480708, 0.0
2024-05-28 16:11:23.045,2024-05-28 16:11:23.064,2024-05-28 16:11:22.993,-,2024-05-28 16:11:23.000,0.18,51.31127915,9.47480706, 206.6
2024-05-28 16:11:24.046,2024-05-28 16:11:24.064,2024-05-28 16:11:23.994,-,2024-05-28 16:11:24.000,0.0,51.31127682,9.47480551, 0.0
2024-05-28 16:11:25.045,2024-05-28 16:11:25.063,2024-05-28 16:11:24.993,-,2024-05-28 16:11:25.000,0.0,51.31127433,9.47480425, 0.0
2024-05-28 16:11:26.051,2024-05-28 16:11:26.069,2024-05-28 16:11:25.999,-,2024-05-28 16:11:26.000,0.0,51.31127274,9.47480476, 0.0
2024-05-28 16:11:27.049,2024-05-28 16:11:27.067,2024-05-28 16:11:26.997,-,2024-05-28 16:11:27.000,0.0,51.31127101,9.47480574, 0.0
2024-05-28 16:11:28.049,2024-05-28 16:11:28.068,2024-05-28 16:11:27.997,-,2024-05-28 16:11:28.000,0.0,51.31127007,9.47480477, 0.0
2024-05-28 16:11:29.050,2024-05-28 16:11:29.069,2024-05-28 16:11:28.998,-,2024-05-28 16:11:29.000,0.0,51.31126738,9.47480126, 0.0
2024-05-28 16:11:30.049,2024-05-28 16:11:30.068,2024-05-28 16:11:29.997,-,2024-05-28 16:11:30.000,0.0,51.31126745,9.47479433, 0.0
2024-05-28 16:11:31.050,2024-05-28 16:11:31.068,2024-05-28 16:11:30.998,-,2024-05-28 16:11:31.000,0.0,51.31126804,9.47478846, 0.0
2024-05-28 16:11:32.050,2024-05-28 16:11:32.069,2024-05-28 16:11:31.999,-,2024-05-28 16:11:32.000,0.29,51.31126968,9.47478609, 355.7
2024-05-28 16:11:33.049,2024-05-28 16:11:33.068,2024-05-28 16:11:32.998,-,2024-05-28 16:11:33.000,0.83,51.31127765,9.4747817, 10.6
2024-05-28 16:11:34.048,2024-05-28 16:11:34.067,2024-05-28 16:11:33.996,-,2024-05-28 16:11:34.000,1.27,51.31129015,9.47477916, 6.9
2024-05-28 16:11:35.051,2024-05-28 16:11:35.070,2024-05-28 16:11:35.000,-,2024-05-28 16:11:35.000,1.33,51.31130408,9.47477686, 6.7
2024-05-28 16:11:36.047,2024-05-28 16:11:36.065,2024-05-28 16:11:35.995,-,2024-05-28 16:11:36.000,1.59,51.31131891,9.47477489, 6.7
2024-05-28 16:11:37.045,2024-05-28 16:11:37.064,2024-05-28 16:11:36.993,-,2024-05-28 16:11:37.000,1.26,51.31133259,9.47477288, 6.6
2024-05-28 16:11:38.049,2024-05-28 16:11:38.068,2024-05-28 16:11:37.998,-,2024-05-28 16:11:38.000,1.03,51.31134336,9.47476748, 6.4
2024-05-28 16:11:39.053,2024-05-28 16:11:39.071,2024-05-28 16:11:39.001,-,2024-05-28 16:11:39.000,1.46,51.31135623,9.47476298, 19.3
2024-05-28 16:11:40.046,2024-05-28 16:11:40.064,2024-05-28 16:11:39.995,-,2024-05-28 16:11:40.000,2.03,51.31137344,9.47476469, 19.6
2024-05-28 16:11:41.051,2024-05-28 16:11:41.070,2024-05-28 16:11:40.999,-,2024-05-28 16:11:41.000,1.65,51.31139198,9.47476557, 7.6
2024-05-28 16:11:42.051,2024-05-28 16:11:42.069,2024-05-28 16:11:41.999,-,2024-05-28 16:11:42.000,1.5,51.31140847,9.47476417, 7.4
2024-05-28 16:11:43.046,2024-05-28 16:11:43.065,2024-05-28 16:11:42.996,-,2024-05-28 16:11:43.000,1.65,51.31142503,9.47476013, 6.0
2024-05-28 16:11:44.049,2024-05-28 16:11:44.068,2024-05-28 16:11:43.997,-,2024-05-28 16:11:44.000,1.67,51.3114416,9.47475602, 5.7
2024-05-28 16:11:45.048,2024-05-28 16:11:45.066,2024-05-28 16:11:44.997,-,2024-05-28 16:11:45.000,1.46,51.31145675,9.47475372, 6.4
2024-05-28 16:11:46.045,2024-05-28 16:11:46.064,2024-05-28 16:11:45.993,-,2024-05-28 16:11:46.000,1.24,51.31146866,9.47475161, 6.2
2024-05-28 16:11:47.046,2024-05-28 16:11:47.065,2024-05-28 16:11:46.994,-,2024-05-28 16:11:47.000,0.86,51.31147683,9.47474766, 5.8
2024-05-28 16:11:48.049,2024-05-28 16:11:48.067,2024-05-28 16:11:47.997,-,2024-05-28 16:11:48.000,1.37,51.31148844,9.47474432, 5.7
2024-05-28 16:11:49.050,2024-05-28 16:11:49.068,2024-05-28 16:11:48.999,-,2024-05-28 16:11:49.000,1.02,51.3114995,9.47474208, 5.8
2024-05-28 16:11:50.048,2024-05-28 16:11:50.067,2024-05-28 16:11:49.996,-,2024-05-28 16:11:50.000,0.96,51.31150821,9.47473638, 2.9
2024-05-28 16:11:51.057,2024-05-28 16:11:51.076,2024-05-28 16:11:51.005,-,2024-05-28 16:11:51.000,1.82,51.31152018,9.47471688, 321.8
2024-05-28 16:11:52.058,2024-05-28 16:11:52.076,2024-05-28 16:11:52.006,-,2024-05-28 16:11:52.000,1.23,51.31153165,9.47469403, 316.9
2024-05-28 16:11:53.057,2024-05-28 16:11:53.075,2024-05-28 16:11:53.005,-,2024-05-28 16:11:53.000,0.49,51.31153818,9.47467899, 321.4
2024-05-28 16:11:54.052,2024-05-28 16:11:54.070,2024-05-28 16:11:54.000,-,2024-05-28 16:11:54.000,1.42,51.31154642,9.47466319, 319.5
2024-05-28 16:11:55.050,2024-05-28 16:11:55.069,2024-05-28 16:11:54.998,-,2024-05-28 16:11:55.000,1.09,51.31155843,9.47464599, 314.7
2024-05-28 16:11:56.052,2024-05-28 16:11:56.071,2024-05-28 16:11:56.000,-,2024-05-28 16:11:56.000,1.41,51.31156897,9.47462694, 308.3
2024-05-28 16:11:57.051,2024-05-28 16:11:57.070,2024-05-28 16:11:57.000,-,2024-05-28 16:11:57.000,1.56,51.311581,9.47460602, 305.2
2024-05-28 16:11:58.047,2024-05-28 16:11:58.066,2024-05-28 16:11:57.996,-,2024-05-28 16:11:58.000,1.19,51.31159333,9.47458854, 313.9
2024-05-28 16:11:59.050,2024-05-28 16:11:59.069,2024-05-28 16:11:58.999,-,2024-05-28 16:11:59.000,1.03,51.31160338,9.47457519, 301.5
2024-05-28 16:12:00.046,2024-05-28 16:12:00.065,2024-05-28 16:11:59.994,-,2024-05-28 16:12:00.000,1.31,51.31161018,9.47455758, 291.7
2024-05-28 16:12:01.048,2024-05-28 16:12:01.067,2024-05-28 16:12:00.996,-,2024-05-28 16:12:01.000,1.78,51.31161906,9.47453519, 301.7
2024-05-28 16:12:02.049,2024-05-28 16:12:02.068,2024-05-28 16:12:01.997,-,2024-05-28 16:12:02.000,1.63,51.31162765,9.4745117, 294.0
2024-05-28 16:12:03.050,2024-05-28 16:12:03.068,2024-05-28 16:12:02.998,-,2024-05-28 16:12:03.000,1.28,51.311632,9.4744901, 279.4
2024-05-28 16:12:04.049,2024-05-28 16:12:04.068,2024-05-28 16:12:03.997,-,2024-05-28 16:12:04.000,1.7,51.31163717,9.47446572, 289.5
2024-05-28 16:12:05.047,2024-05-28 16:12:05.066,2024-05-28 16:12:04.996,-,2024-05-28 16:12:05.000,1.78,51.31164376,9.47443828, 288.6
2024-05-28 16:12:06.050,2024-05-28 16:12:06.069,2024-05-28 16:12:05.998,-,2024-05-28 16:12:06.000,1.39,51.31165098,9.47441479, 306.1
2024-05-28 16:12:07.049,2024-05-28 16:12:07.067,2024-05-28 16:12:06.997,-,2024-05-28 16:12:07.000,1.16,51.31165818,9.47439625, 309.5
2024-05-28 16:12:08.053,2024-05-28 16:12:08.072,2024-05-28 16:12:08.001,-,2024-05-28 16:12:08.000,0.87,51.31166353,9.4743805, 294.8
2024-05-28 16:12:09.058,2024-05-28 16:12:09.076,2024-05-28 16:12:09.007,-,2024-05-28 16:12:09.000,2.09,51.3116685,9.47435537, 281.8
2024-05-28 16:12:10.045,2024-05-28 16:12:10.064,2024-05-28 16:12:09.993,-,2024-05-28 16:12:10.000,1.65,51.31167265,9.47432585, 275.6
2024-05-28 16:12:11.054,2024-05-28 16:12:11.072,2024-05-28 16:12:11.002,-,2024-05-28 16:12:11.000,1.64,51.31167444,9.47429883, 270.4
2024-05-28 16:12:12.055,2024-05-28 16:12:12.074,2024-05-28 16:12:12.003,-,2024-05-28 16:12:12.000,1.7,51.31167394,9.47427168, 258.4
2024-05-28 16:12:13.059,2024-05-28 16:12:13.078,2024-05-28 16:12:13.008,-,2024-05-28 16:12:13.000,1.86,51.31167331,9.47424311, 268.6
2024-05-28 16:12:14.047,2024-05-28 16:12:14.066,2024-05-28 16:12:13.996,-,2024-05-28 16:12:14.000,1.89,51.31167431,9.47421291, 274.5
2024-05-28 16:12:15.050,2024-05-28 16:12:15.069,2024-05-28 16:12:14.999,-,2024-05-28 16:12:15.000,1.9,51.31167732,9.47418216, 283.7
2024-05-28 16:12:16.044,2024-05-28 16:12:16.063,2024-05-28 16:12:15.992,-,2024-05-28 16:12:16.000,1.85,51.31168179,9.47415194, 285.0
2024-05-28 16:12:17.049,2024-05-28 16:12:17.068,2024-05-28 16:12:16.997,-,2024-05-28 16:12:17.000,1.93,51.31168647,9.4741216, 283.9
2024-05-28 16:12:18.051,2024-05-28 16:12:18.070,2024-05-28 16:12:17.999,-,2024-05-28 16:12:18.000,1.95,51.31169038,9.47409059, 277.8
2024-05-28 16:12:19.050,2024-05-28 16:12:19.069,2024-05-28 16:12:19.000,-,2024-05-28 16:12:19.000,2.01,51.31169422,9.47405832, 281.4
2024-05-28 16:12:20.047,2024-05-28 16:12:20.065,2024-05-28 16:12:19.995,-,2024-05-28 16:12:20.000,1.73,51.31169761,9.47402905, 281.5
2024-05-28 16:12:21.046,2024-05-28 16:12:21.065,2024-05-28 16:12:20.994,-,2024-05-28 16:12:21.000,1.64,51.31170062,9.47400305, 285.2
2024-05-28 16:12:22.046,2024-05-28 16:12:22.064,2024-05-28 16:12:21.994,-,2024-05-28 16:12:22.000,1.61,51.31170369,9.47397893, 281.0
2024-05-28 16:12:23.049,2024-05-28 16:12:23.068,2024-05-28 16:12:22.997,-,2024-05-28 16:12:23.000,1.59,51.31170415,9.47395538, 265.3
2024-05-28 16:12:24.047,2024-05-28 16:12:24.066,2024-05-28 16:12:23.995,-,2024-05-28 16:12:24.000,1.81,51.31170623,9.47393006, 287.0
2024-05-28 16:12:25.049,2024-05-28 16:12:25.068,2024-05-28 16:12:24.997,-,2024-05-28 16:12:25.000,1.71,51.31171227,9.47390551, 293.3
2024-05-28 16:12:26.052,2024-05-28 16:12:26.071,2024-05-28 16:12:26.000,-,2024-05-28 16:12:26.000,1.91,51.31171868,9.47388006, 287.1
2024-05-28 16:12:27.052,2024-05-28 16:12:27.071,2024-05-28 16:12:27.000,-,2024-05-28 16:12:27.000,1.46,51.3117248,9.47385671, 293.5
2024-05-28 16:12:28.049,2024-05-28 16:12:28.068,2024-05-28 16:12:27.999,-,2024-05-28 16:12:28.000,1.62,51.31173079,9.47383542, 284.8
2024-05-28 16:12:29.045,2024-05-28 16:12:29.064,2024-05-28 16:12:28.993,-,2024-05-28 16:12:29.000,1.79,51.31173705,9.47381071, 287.2
2024-05-28 16:12:30.046,2024-05-28 16:12:30.065,2024-05-28 16:12:29.994,-,2024-05-28 16:12:30.000,1.96,51.31174363,9.47378262, 286.5
2024-05-28 16:12:31.046,2024-05-28 16:12:31.065,2024-05-28 16:12:30.994,-,2024-05-28 16:12:31.000,1.87,51.31175124,9.47375474, 298.5
2024-05-28 16:12:32.044,2024-05-28 16:12:32.063,2024-05-28 16:12:31.992,-,2024-05-28 16:12:32.000,1.66,51.31175998,9.47373007, 298.1
2024-05-28 16:12:33.049,2024-05-28 16:12:33.068,2024-05-28 16:12:32.997,-,2024-05-28 16:12:33.000,1.71,51.31176596,9.47370516, 287.4
2024-05-28 16:12:34.053,2024-05-28 16:12:34.071,2024-05-28 16:12:34.001,-,2024-05-28 16:12:34.000,1.72,51.31177211,9.4736796, 291.8
2024-05-28 16:12:35.061,2024-05-28 16:12:35.080,2024-05-28 16:12:35.009,-,2024-05-28 16:12:35.000,1.62,51.31177963,9.47365581, 294.7
2024-05-28 16:12:36.048,2024-05-28 16:12:36.067,2024-05-28 16:12:35.997,-,2024-05-28 16:12:36.000,1.53,51.31178667,9.47363307, 284.8
2024-05-28 16:12:37.048,2024-05-28 16:12:37.067,2024-05-28 16:12:36.996,-,2024-05-28 16:12:37.000,1.62,51.31179337,9.47360947, 294.3
2024-05-28 16:12:38.049,2024-05-28 16:12:38.068,2024-05-28 16:12:37.997,-,2024-05-28 16:12:38.000,1.68,51.31180236,9.4735858, 303.0
2024-05-28 16:12:39.052,2024-05-28 16:12:39.071,2024-05-28 16:12:39.000,-,2024-05-28 16:12:39.000,1.36,51.31181082,9.47356498, 298.8
2024-05-28 16:12:40.050,2024-05-28 16:12:40.069,2024-05-28 16:12:39.998,-,2024-05-28 16:12:40.000,1.54,51.31181867,9.4735443, 298.9
2024-05-28 16:12:41.050,2024-05-28 16:12:41.069,2024-05-28 16:12:40.998,-,2024-05-28 16:12:41.000,1.46,51.31182474,9.4735218, 279.2
2024-05-28 16:12:42.043,2024-05-28 16:12:42.062,2024-05-28 16:12:41.992,-,2024-05-28 16:12:42.000,1.47,51.3118274,9.47349829, 271.7
2024-05-28 16:12:43.053,2024-05-28 16:12:43.072,2024-05-28 16:12:43.001,-,2024-05-28 16:12:43.000,1.59,51.31183027,9.47347384, 279.9
2024-05-28 16:12:44.050,2024-05-28 16:12:44.069,2024-05-28 16:12:43.998,-,2024-05-28 16:12:44.000,1.51,51.31183345,9.47344994, 276.9
2024-05-28 16:12:45.049,2024-05-28 16:12:45.068,2024-05-28 16:12:44.997,-,2024-05-28 16:12:45.000,1.49,51.31183672,9.47342768, 284.2
2024-05-28 16:12:46.050,2024-05-28 16:12:46.069,2024-05-28 16:12:45.999,-,2024-05-28 16:12:46.000,1.69,51.31184059,9.47340423, 281.5
2024-05-28 16:12:47.050,2024-05-28 16:12:47.069,2024-05-28 16:12:46.999,-,2024-05-28 16:12:47.000,1.67,51.31184328,9.47337986, 279.2
2024-05-28 16:12:48.049,2024-05-28 16:12:48.068,2024-05-28 16:12:47.997,-,2024-05-28 16:12:48.000,1.67,51.31184588,9.47335542, 283.2
2024-05-28 16:12:49.050,2024-05-28 16:12:49.068,2024-05-28 16:12:48.998,-,2024-05-28 16:12:49.000,1.81,51.31184863,9.4733296, 279.0
2024-05-28 16:12:50.050,2024-05-28 16:12:50.068,2024-05-28 16:12:49.998,-,2024-05-28 16:12:50.000,1.65,51.31185068,9.47330397, 278.7
2024-05-28 16:12:51.048,2024-05-28 16:12:51.067,2024-05-28 16:12:50.997,-,2024-05-28 16:12:51.000,1.54,51.31185428,9.47328151, 292.6
2024-05-28 16:12:52.052,2024-05-28 16:12:52.071,2024-05-28 16:12:52.000,-,2024-05-28 16:12:52.000,1.52,51.3118597,9.47326117, 297.7
2024-05-28 16:12:53.051,2024-05-28 16:12:53.070,2024-05-28 16:12:52.999,-,2024-05-28 16:12:53.000,1.57,51.31186699,9.47324135, 304.0
2024-05-28 16:12:54.052,2024-05-28 16:12:54.071,2024-05-28 16:12:54.001,-,2024-05-28 16:12:54.000,1.36,51.3118739,9.47322319, 296.1
2024-05-28 16:12:55.051,2024-05-28 16:12:55.070,2024-05-28 16:12:54.999,-,2024-05-28 16:12:55.000,1.0,51.31187751,9.47320804, 286.0
2024-05-28 16:12:56.056,2024-05-28 16:12:56.075,2024-05-28 16:12:56.005,-,2024-05-28 16:12:56.000,1.53,51.31188071,9.47318993, 290.6
2024-05-28 16:12:57.050,2024-05-28 16:12:57.069,2024-05-28 16:12:56.998,-,2024-05-28 16:12:57.000,1.08,51.31188496,9.47317224, 294.2
2024-05-28 16:12:58.053,2024-05-28 16:12:58.072,2024-05-28 16:12:58.001,-,2024-05-28 16:12:58.000,0.99,51.3118875,9.47315804, 281.6
2024-05-28 16:12:59.055,2024-05-28 16:12:59.074,2024-05-28 16:12:59.004,-,2024-05-28 16:12:59.000,1.42,51.31188755,9.4731399, 273.4
2024-05-28 16:13:00.047,2024-05-28 16:13:00.065,2024-05-28 16:12:59.995,-,2024-05-28 16:13:00.000,1.46,51.31188582,9.47311849, 262.3
2024-05-28 16:13:01.051,2024-05-28 16:13:01.070,2024-05-28 16:13:01.000,-,2024-05-28 16:13:01.000,1.29,51.31188068,9.47310014, 247.0
2024-05-28 16:13:02.049,2024-05-28 16:13:02.068,2024-05-28 16:13:01.997,-,2024-05-28 16:13:02.000,1.69,51.31187507,9.47307938, 260.5
2024-05-28 16:13:03.050,2024-05-28 16:13:03.069,2024-05-28 16:13:02.998,-,2024-05-28 16:13:03.000,1.56,51.31187393,9.47305671, 283.2
2024-05-28 16:13:04.051,2024-05-28 16:13:04.070,2024-05-28 16:13:03.999,-,2024-05-28 16:13:04.000,1.45,51.31187622,9.47303532, 285.1
2024-05-28 16:13:05.048,2024-05-28 16:13:05.067,2024-05-28 16:13:04.997,-,2024-05-28 16:13:05.000,1.54,51.31187859,9.47301299, 279.8
2024-05-28 16:13:06.048,2024-05-28 16:13:06.067,2024-05-28 16:13:05.997,-,2024-05-28 16:13:06.000,1.64,51.3118834,9.47299061, 293.0
2024-05-28 16:13:07.049,2024-05-28 16:13:07.068,2024-05-28 16:13:06.998,-,2024-05-28 16:13:07.000,1.39,51.31189006,9.47297112, 298.4
2024-05-28 16:13:08.051,2024-05-28 16:13:08.070,2024-05-28 16:13:07.999,-,2024-05-28 16:13:08.000,1.65,51.3118972,9.47295249, 305.7
2024-05-28 16:13:09.051,2024-05-28 16:13:09.069,2024-05-28 16:13:08.999,-,2024-05-28 16:13:09.000,1.86,51.31190816,9.47293343, 316.5
2024-05-28 16:13:10.053,2024-05-28 16:13:10.072,2024-05-28 16:13:10.001,-,2024-05-28 16:13:10.000,1.69,51.31191955,9.47291801, 325.6
2024-05-28 16:13:11.051,2024-05-28 16:13:11.070,2024-05-28 16:13:10.999,-,2024-05-28 16:13:11.000,1.74,51.31193272,9.47290379, 330.3
2024-05-28 16:13:12.047,2024-05-28 16:13:12.066,2024-05-28 16:13:11.995,-,2024-05-28 16:13:12.000,1.5,51.31194435,9.47289303, 334.7
2024-05-28 16:13:13.051,2024-05-28 16:13:13.070,2024-05-28 16:13:13.000,-,2024-05-28 16:13:13.000,1.49,51.31195542,9.47288244, 329.2
2024-05-28 16:13:14.045,2024-05-28 16:13:14.064,2024-05-28 16:13:13.994,-,2024-05-28 16:13:14.000,1.23,51.31196409,9.47286932, 314.8
2024-05-28 16:13:15.048,2024-05-28 16:13:15.067,2024-05-28 16:13:14.996,-,2024-05-28 16:13:15.000,0.9,51.3119676,9.47285605, 291.1
2024-05-28 16:13:16.048,2024-05-28 16:13:16.066,2024-05-28 16:13:15.996,-,2024-05-28 16:13:16.000,0.0,51.3119621,9.4728499, 0.0
2024-05-28 16:13:17.051,2024-05-28 16:13:17.069,2024-05-28 16:13:16.999,-,2024-05-28 16:13:17.000,0.0,51.31195772,9.47284832, 0.0
2024-05-28 16:13:18.061,2024-05-28 16:13:18.080,2024-05-28 16:13:18.009,-,2024-05-28 16:13:18.000,0.29,51.31195583,9.47284527, 280.3
2024-05-28 16:13:19.062,2024-05-28 16:13:19.081,2024-05-28 16:13:19.010,-,2024-05-28 16:13:19.000,0.21,51.31195453,9.47284396, 280.3
2024-05-28 16:13:20.043,2024-05-28 16:13:20.062,2024-05-28 16:13:19.991,-,2024-05-28 16:13:20.000,0.22,51.3119533,9.47284256, 280.3
2024-05-28 16:13:21.048,2024-05-28 16:13:21.067,2024-05-28 16:13:20.996,-,2024-05-28 16:13:21.000,0.0,51.31195647,9.47283625, 0.0
2024-05-28 16:13:22.052,2024-05-28 16:13:22.071,2024-05-28 16:13:22.000,-,2024-05-28 16:13:22.000,2.58,51.31194245,9.47283463, 179.5
2024-05-28 16:13:23.044,2024-05-28 16:13:23.063,2024-05-28 16:13:22.994,-,2024-05-28 16:13:23.000,1.7,51.31192373,9.47283644, 181.3
2024-05-28 16:13:24.053,2024-05-28 16:13:24.072,2024-05-28 16:13:24.002,-,2024-05-28 16:13:24.000,1.82,51.31190808,9.47284036, 172.8
2024-05-28 16:13:25.046,2024-05-28 16:13:25.065,2024-05-28 16:13:24.994,-,2024-05-28 16:13:25.000,1.65,51.31189291,9.47284379, 173.3
2024-05-28 16:13:26.052,2024-05-28 16:13:26.071,2024-05-28 16:13:26.000,-,2024-05-28 16:13:26.000,1.52,51.3118791,9.47284498, 173.2
2024-05-28 16:13:27.059,2024-05-28 16:13:27.078,2024-05-28 16:13:27.007,-,2024-05-28 16:13:27.000,1.63,51.31186593,9.47284295, 173.1
2024-05-28 16:13:28.060,2024-05-28 16:13:28.079,2024-05-28 16:13:28.008,-,2024-05-28 16:13:28.000,1.27,51.31185407,9.47283711, 173.2
2024-05-28 16:13:29.054,2024-05-28 16:13:29.073,2024-05-28 16:13:29.002,-,2024-05-28 16:13:29.000,1.5,51.3118435,9.47282571, 210.9
2024-05-28 16:13:30.051,2024-05-28 16:13:30.070,2024-05-28 16:13:30.000,-,2024-05-28 16:13:30.000,1.89,51.3118306,9.47282008, 164.3
2024-05-28 16:13:31.049,2024-05-28 16:13:31.068,2024-05-28 16:13:30.997,-,2024-05-28 16:13:31.000,1.51,51.31181649,9.47281613, 164.8
2024-05-28 16:13:32.049,2024-05-28 16:13:32.067,2024-05-28 16:13:31.997,-,2024-05-28 16:13:32.000,1.3,51.3118064,9.47281305, 165.0
2024-05-28 16:13:33.051,2024-05-28 16:13:33.070,2024-05-28 16:13:32.999,-,2024-05-28 16:13:33.000,1.41,51.31179667,9.47281417, 163.9
2024-05-28 16:13:34.049,2024-05-28 16:13:34.067,2024-05-28 16:13:33.997,-,2024-05-28 16:13:34.000,1.74,51.31178385,9.47280982, 186.4
2024-05-28 16:13:35.050,2024-05-28 16:13:35.069,2024-05-28 16:13:34.998,-,2024-05-28 16:13:35.000,1.72,51.31176999,9.47280565, 184.7
2024-05-28 16:13:36.045,2024-05-28 16:13:36.064,2024-05-28 16:13:35.993,-,2024-05-28 16:13:36.000,1.64,51.31175641,9.47280101, 187.7
2024-05-28 16:13:37.048,2024-05-28 16:13:37.066,2024-05-28 16:13:36.997,-,2024-05-28 16:13:37.000,1.68,51.31174297,9.47279649, 177.8
2024-05-28 16:13:38.049,2024-05-28 16:13:38.068,2024-05-28 16:13:37.997,-,2024-05-28 16:13:38.000,1.45,51.31172988,9.47279365, 181.1
2024-05-28 16:13:39.050,2024-05-28 16:13:39.068,2024-05-28 16:13:38.998,-,2024-05-28 16:13:39.000,1.3,51.31171798,9.47279197, 177.2
2024-05-28 16:13:40.045,2024-05-28 16:13:40.064,2024-05-28 16:13:39.994,-,2024-05-28 16:13:40.000,1.76,51.3117039,9.47279192, 182.0
2024-05-28 16:13:41.048,2024-05-28 16:13:41.066,2024-05-28 16:13:40.996,-,2024-05-28 16:13:41.000,1.97,51.31168718,9.47278982, 186.9
2024-05-28 16:13:42.046,2024-05-28 16:13:42.065,2024-05-28 16:13:41.994,-,2024-05-28 16:13:42.000,1.57,51.31167107,9.47278505, 194.6
2024-05-28 16:13:43.048,2024-05-28 16:13:43.067,2024-05-28 16:13:42.996,-,2024-05-28 16:13:43.000,1.6,51.31165719,9.47277669, 204.2
2024-05-28 16:13:44.047,2024-05-28 16:13:44.066,2024-05-28 16:13:43.995,-,2024-05-28 16:13:44.000,1.84,51.31164129,9.47276979, 181.8
2024-05-28 16:13:45.046,2024-05-28 16:13:45.064,2024-05-28 16:13:44.994,-,2024-05-28 16:13:45.000,1.61,51.31162513,9.47276981, 170.0
2024-05-28 16:13:46.046,2024-05-28 16:13:46.064,2024-05-28 16:13:45.994,-,2024-05-28 16:13:46.000,2.0,51.31160818,9.47276776, 185.2
2024-05-28 16:13:47.044,2024-05-28 16:13:47.063,2024-05-28 16:13:46.992,-,2024-05-28 16:13:47.000,1.89,51.31158999,9.47276582, 176.2
2024-05-28 16:13:48.050,2024-05-28 16:13:48.069,2024-05-28 16:13:47.998,-,2024-05-28 16:13:48.000,1.84,51.31157238,9.47276409, 177.2
2024-05-28 16:13:49.049,2024-05-28 16:13:49.068,2024-05-28 16:13:48.998,-,2024-05-28 16:13:49.000,1.93,51.31155462,9.47276155, 179.8
2024-05-28 16:13:50.048,2024-05-28 16:13:50.067,2024-05-28 16:13:49.996,-,2024-05-28 16:13:50.000,1.7,51.31153781,9.47275913, 182.5
2024-05-28 16:13:51.056,2024-05-28 16:13:51.075,2024-05-28 16:13:51.004,-,2024-05-28 16:13:51.000,1.72,51.31152214,9.47275732, 179.0
2024-05-28 16:13:52.047,2024-05-28 16:13:52.066,2024-05-28 16:13:51.995,-,2024-05-28 16:13:52.000,1.61,51.31150705,9.47275701, 173.2
2024-05-28 16:13:53.057,2024-05-28 16:13:53.076,2024-05-28 16:13:53.005,-,2024-05-28 16:13:53.000,1.93,51.31149054,9.47275572, 181.1
2024-05-28 16:13:54.050,2024-05-28 16:13:54.068,2024-05-28 16:13:53.998,-,2024-05-28 16:13:54.000,1.62,51.31147404,9.47275401, 180.8
2024-05-28 16:13:55.047,2024-05-28 16:13:55.065,2024-05-28 16:13:54.995,-,2024-05-28 16:13:55.000,1.91,51.31145789,9.47275382, 171.9
2024-05-28 16:13:56.051,2024-05-28 16:13:56.070,2024-05-28 16:13:55.999,-,2024-05-28 16:13:56.000,1.73,51.3114414,9.47275334, 182.1
2024-05-28 16:13:57.051,2024-05-28 16:13:57.070,2024-05-28 16:13:56.999,-,2024-05-28 16:13:57.000,1.64,51.31142658,9.47275096, 180.4
2024-05-28 16:13:58.047,2024-05-28 16:13:58.066,2024-05-28 16:13:57.996,-,2024-05-28 16:13:58.000,1.66,51.31141231,9.47275112, 168.9
2024-05-28 16:13:59.047,2024-05-28 16:13:59.066,2024-05-28 16:13:58.995,-,2024-05-28 16:13:59.000,1.32,51.31139915,9.47275276, 168.5
2024-05-28 16:14:00.048,2024-05-28 16:14:00.066,2024-05-28 16:13:59.996,-,2024-05-28 16:14:00.000,1.75,51.3113842,9.47275394, 175.0
2024-05-28 16:14:01.050,2024-05-28 16:14:01.069,2024-05-28 16:14:00.998,-,2024-05-28 16:14:01.000,1.71,51.3113672,9.4727576, 155.5
2024-05-28 16:14:02.052,2024-05-28 16:14:02.071,2024-05-28 16:14:02.001,-,2024-05-28 16:14:02.000,1.47,51.31135166,9.47276125, 159.2
2024-05-28 16:14:03.060,2024-05-28 16:14:03.079,2024-05-28 16:14:03.009,-,2024-05-28 16:14:03.000,1.65,51.31133611,9.47275931, 177.9
2024-05-28 16:14:04.054,2024-05-28 16:14:04.073,2024-05-28 16:14:04.003,-,2024-05-28 16:14:04.000,1.75,51.31131904,9.47275639, 177.4
2024-05-28 16:14:05.057,2024-05-28 16:14:05.076,2024-05-28 16:14:05.006,-,2024-05-28 16:14:05.000,1.72,51.31130168,9.47275255, 186.8
2024-05-28 16:14:06.051,2024-05-28 16:14:06.070,2024-05-28 16:14:06.000,-,2024-05-28 16:14:06.000,1.84,51.31128291,9.47274968, 178.8
2024-05-28 16:14:07.050,2024-05-28 16:14:07.069,2024-05-28 16:14:06.998,-,2024-05-28 16:14:07.000,1.42,51.31126545,9.47274853, 181.4
2024-05-28 16:14:08.050,2024-05-28 16:14:08.068,2024-05-28 16:14:07.998,-,2024-05-28 16:14:08.000,1.53,51.31124892,9.47274647, 183.6
2024-05-28 16:14:09.047,2024-05-28 16:14:09.066,2024-05-28 16:14:08.995,-,2024-05-28 16:14:09.000,1.61,51.31123097,9.47274692, 171.7
2024-05-28 16:14:10.052,2024-05-28 16:14:10.071,2024-05-28 16:14:10.001,-,2024-05-28 16:14:10.000,1.52,51.31121349,9.47275078, 162.1
2024-05-28 16:14:11.048,2024-05-28 16:14:11.067,2024-05-28 16:14:10.996,-,2024-05-28 16:14:11.000,1.42,51.31119754,9.47275532, 155.4
2024-05-28 16:14:12.052,2024-05-28 16:14:12.071,2024-05-28 16:14:12.001,-,2024-05-28 16:14:12.000,1.34,51.31118322,9.47275907, 147.9
2024-05-28 16:14:13.050,2024-05-28 16:14:13.068,2024-05-28 16:14:12.998,-,2024-05-28 16:14:13.000,1.41,51.31116743,9.47275962, 159.2
2024-05-28 16:14:14.049,2024-05-28 16:14:14.068,2024-05-28 16:14:13.997,-,2024-05-28 16:14:14.000,1.44,51.31114972,9.4727599, 150.5
2024-05-28 16:14:15.048,2024-05-28 16:14:15.067,2024-05-28 16:14:14.996,-,2024-05-28 16:14:15.000,1.68,51.31113222,9.47276224, 143.7
2024-05-28 16:14:16.052,2024-05-28 16:14:16.071,2024-05-28 16:14:16.000,-,2024-05-28 16:14:16.000,1.31,51.31111763,9.47276634, 127.4
2024-05-28 16:14:17.047,2024-05-28 16:14:17.065,2024-05-28 16:14:16.995,-,2024-05-28 16:14:17.000,1.76,51.31110518,9.47277589, 106.5
2024-05-28 16:14:18.054,2024-05-28 16:14:18.073,2024-05-28 16:14:18.002,-,2024-05-28 16:14:18.000,2.65,51.31109392,9.47279518, 83.5
2024-05-28 16:14:19.054,2024-05-28 16:14:19.073,2024-05-28 16:14:19.002,-,2024-05-28 16:14:19.000,1.29,51.31108727,9.47280869, 71.5
2024-05-28 16:14:20.056,2024-05-28 16:14:20.075,2024-05-28 16:14:20.005,-,2024-05-28 16:14:20.000,0.9,51.31108118,9.47280739, 68.4
2024-05-28 16:14:21.055,2024-05-28 16:14:21.073,2024-05-28 16:14:21.003,-,2024-05-28 16:14:21.000,0.91,51.31107683,9.47280511, 64.9
2024-05-28 16:14:22.060,2024-05-28 16:14:22.079,2024-05-28 16:14:22.008,-,2024-05-28 16:14:22.000,1.03,51.31107358,9.47280486, 57.1
2024-05-28 16:14:23.055,2024-05-28 16:14:23.074,2024-05-28 16:14:23.003,-,2024-05-28 16:14:23.000,1.45,51.31107337,9.47280895, 45.4
2024-05-28 16:14:24.051,2024-05-28 16:14:24.070,2024-05-28 16:14:23.999,-,2024-05-28 16:14:24.000,1.45,51.31107434,9.47281754, 55.6
2024-05-28 16:14:25.049,2024-05-28 16:14:25.068,2024-05-28 16:14:24.997,-,2024-05-28 16:14:25.000,1.41,51.31107417,9.47282916, 61.8
2024-05-28 16:14:26.051,2024-05-28 16:14:26.070,2024-05-28 16:14:25.999,-,2024-05-28 16:14:26.000,0.97,51.31107232,9.47283799, 59.5
2024-05-28 16:14:27.051,2024-05-28 16:14:27.070,2024-05-28 16:14:27.000,-,2024-05-28 16:14:27.000,1.23,51.31107151,9.47284707, 50.4
2024-05-28 16:14:28.049,2024-05-28 16:14:28.067,2024-05-28 16:14:27.997,-,2024-05-28 16:14:28.000,1.24,51.31107232,9.47285716, 43.3
2024-05-28 16:14:29.049,2024-05-28 16:14:29.068,2024-05-28 16:14:28.997,-,2024-05-28 16:14:29.000,1.53,51.31107428,9.4728701, 41.3
2024-05-28 16:14:30.049,2024-05-28 16:14:30.068,2024-05-28 16:14:29.997,-,2024-05-28 16:14:30.000,1.45,51.31107679,9.47288486, 43.8
2024-05-28 16:14:31.048,2024-05-28 16:14:31.067,2024-05-28 16:14:30.997,-,2024-05-28 16:14:31.000,1.7,51.3110759,9.47290531, 78.7
2024-05-28 16:14:32.049,2024-05-28 16:14:32.067,2024-05-28 16:14:31.997,-,2024-05-28 16:14:32.000,1.36,51.31107151,9.47292757, 89.8
2024-05-28 16:14:33.051,2024-05-28 16:14:33.070,2024-05-28 16:14:32.999,-,2024-05-28 16:14:33.000,1.16,51.31106668,9.47294682, 99.8
2024-05-28 16:14:34.051,2024-05-28 16:14:34.070,2024-05-28 16:14:33.999,-,2024-05-28 16:14:34.000,0.97,51.31106061,9.47296341, 106.4
2024-05-28 16:14:35.055,2024-05-28 16:14:35.074,2024-05-28 16:14:35.003,-,2024-05-28 16:14:35.000,0.84,51.31105537,9.47297943, 112.5
2024-05-28 16:14:36.056,2024-05-28 16:14:36.075,2024-05-28 16:14:36.005,-,2024-05-28 16:14:36.000,0.62,51.31105089,9.47299329, 120.3
2024-05-28 16:14:37.057,2024-05-28 16:14:37.075,2024-05-28 16:14:37.005,-,2024-05-28 16:14:37.000,0.85,51.31104764,9.47300799, 119.8
2024-05-28 16:14:38.051,2024-05-28 16:14:38.070,2024-05-28 16:14:37.999,-,2024-05-28 16:14:38.000,1.31,51.31104346,9.47302838, 109.6
2024-05-28 16:14:39.051,2024-05-28 16:14:39.070,2024-05-28 16:14:38.999,-,2024-05-28 16:14:39.000,1.39,51.31104032,9.47305299, 111.3
2024-05-28 16:14:40.051,2024-05-28 16:14:40.070,2024-05-28 16:14:39.999,-,2024-05-28 16:14:40.000,1.3,51.31103478,9.47307343, 125.4
2024-05-28 16:14:41.048,2024-05-28 16:14:41.067,2024-05-28 16:14:40.997,-,2024-05-28 16:14:41.000,1.23,51.31102731,9.47309088, 135.1
2024-05-28 16:14:42.045,2024-05-28 16:14:42.064,2024-05-28 16:14:41.993,-,2024-05-28 16:14:42.000,0.7,51.31102506,9.47310186, 132.2
2024-05-28 16:14:43.050,2024-05-28 16:14:43.069,2024-05-28 16:14:42.999,-,2024-05-28 16:14:43.000,0.78,51.31102452,9.47311346, 122.4
2024-05-28 16:14:44.055,2024-05-28 16:14:44.073,2024-05-28 16:14:44.003,-,2024-05-28 16:14:44.000,0.77,51.31102293,9.47312756, 129.7
2024-05-28 16:14:45.059,2024-05-28 16:14:45.078,2024-05-28 16:14:45.008,-,2024-05-28 16:14:45.000,1.2,51.31101718,9.4731439, 131.6
2024-05-28 16:14:46.055,2024-05-28 16:14:46.074,2024-05-28 16:14:46.003,-,2024-05-28 16:14:46.000,0.9,51.31101224,9.47316136, 128.2
2024-05-28 16:14:47.053,2024-05-28 16:14:47.072,2024-05-28 16:14:47.002,-,2024-05-28 16:14:47.000,0.59,51.31100804,9.47317395, 142.7
2024-05-28 16:14:48.052,2024-05-28 16:14:48.071,2024-05-28 16:14:48.001,-,2024-05-28 16:14:48.000,0.29,51.31100691,9.4731792, 125.3
2024-05-28 16:14:49.053,2024-05-28 16:14:49.072,2024-05-28 16:14:49.001,-,2024-05-28 16:14:49.000,0.42,51.31100729,9.47318317, 124.4
2024-05-28 16:14:50.050,2024-05-28 16:14:50.069,2024-05-28 16:14:49.999,-,2024-05-28 16:14:50.000,0.0,51.31100739,9.4731821, 0.0
2024-05-28 16:14:51.054,2024-05-28 16:14:51.073,2024-05-28 16:14:51.003,-,2024-05-28 16:14:51.000,0.2,51.31100612,9.47317901, 135.3
2024-05-28 16:14:52.053,2024-05-28 16:14:52.071,2024-05-28 16:14:52.001,-,2024-05-28 16:14:52.000,0.64,51.31100231,9.47318397, 134.8
2024-05-28 16:14:53.055,2024-05-28 16:14:53.074,2024-05-28 16:14:53.004,-,2024-05-28 16:14:53.000,1.02,51.31098979,9.47319747, 140.5
2024-05-28 16:14:54.044,2024-05-28 16:14:54.063,2024-05-28 16:14:53.994,-,2024-05-28 16:14:54.000,1.15,51.31097331,9.4732146, 128.6
2024-05-28 16:14:55.048,2024-05-28 16:14:55.067,2024-05-28 16:14:54.996,-,2024-05-28 16:14:55.000,1.4,51.31095607,9.47323417, 108.7
2024-05-28 16:14:56.051,2024-05-28 16:14:56.070,2024-05-28 16:14:55.999,-,2024-05-28 16:14:56.000,1.46,51.31093937,9.47325663, 115.1
2024-05-28 16:14:57.050,2024-05-28 16:14:57.069,2024-05-28 16:14:56.998,-,2024-05-28 16:14:57.000,1.28,51.31092161,9.47327634, 119.1
2024-05-28 16:14:58.046,2024-05-28 16:14:58.065,2024-05-28 16:14:57.995,-,2024-05-28 16:14:58.000,0.52,51.31090544,9.4732851, 113.4
2024-05-28 16:14:59.045,2024-05-28 16:14:59.064,2024-05-28 16:14:58.994,-,2024-05-28 16:14:59.000,0.72,51.31089065,9.47329333, 105.7
2024-05-28 16:15:00.045,2024-05-28 16:15:00.064,2024-05-28 16:14:59.993,-,2024-05-28 16:15:00.000,0.59,51.31087767,9.47330138, 112.5
2024-05-28 16:15:01.049,2024-05-28 16:15:01.068,2024-05-28 16:15:00.997,-,2024-05-28 16:15:01.000,0.39,51.31086561,9.47330623, 117.6
2024-05-28 16:15:02.051,2024-05-28 16:15:02.070,2024-05-28 16:15:01.999,-,2024-05-28 16:15:02.000,0.22,51.31085674,9.47331036, 108.5
2024-05-28 16:15:03.053,2024-05-28 16:15:03.072,2024-05-28 16:15:03.001,-,2024-05-28 16:15:03.000,0.36,51.31084927,9.47331534, 98.8
2024-05-28 16:15:04.045,2024-05-28 16:15:04.064,2024-05-28 16:15:03.993,-,2024-05-28 16:15:04.000,0.37,51.31084153,9.47332111, 107.4
2024-05-28 16:15:05.052,2024-05-28 16:15:05.071,2024-05-28 16:15:05.000,-,2024-05-28 16:15:05.000,0.56,51.31082917,9.47332758, 116.4
2024-05-28 16:15:06.047,2024-05-28 16:15:06.065,2024-05-28 16:15:05.995,-,2024-05-28 16:15:06.000,0.88,51.31081476,9.47334471, 112.2
2024-05-28 16:15:07.053,2024-05-28 16:15:07.072,2024-05-28 16:15:07.002,-,2024-05-28 16:15:07.000,1.07,51.31080154,9.4733727, 102.9
2024-05-28 16:15:08.054,2024-05-28 16:15:08.073,2024-05-28 16:15:08.003,-,2024-05-28 16:15:08.000,1.23,51.31078679,9.47340774, 107.9
2024-05-28 16:15:09.054,2024-05-28 16:15:09.072,2024-05-28 16:15:09.004,-,2024-05-28 16:15:09.000,1.46,51.31077388,9.47344524, 109.6
2024-05-28 16:15:10.045,2024-05-28 16:15:10.064,2024-05-28 16:15:09.993,-,2024-05-28 16:15:10.000,1.87,51.31076087,9.47348796, 106.4
2024-05-28 16:15:11.045,2024-05-28 16:15:11.064,2024-05-28 16:15:10.993,-,2024-05-28 16:15:11.000,1.65,51.31074954,9.47352723, 103.5
2024-05-28 16:15:12.048,2024-05-28 16:15:12.067,2024-05-28 16:15:11.996,-,2024-05-28 16:15:12.000,2.08,51.31073945,9.47356701, 101.4
2024-05-28 16:15:13.052,2024-05-28 16:15:13.071,2024-05-28 16:15:13.001,-,2024-05-28 16:15:13.000,1.81,51.31073234,9.47360684, 89.8
2024-05-28 16:15:14.056,2024-05-28 16:15:14.074,2024-05-28 16:15:14.004,-,2024-05-28 16:15:14.000,1.85,51.31072482,9.47364226, 104.6
2024-05-28 16:15:15.049,2024-05-28 16:15:15.067,2024-05-28 16:15:14.997,-,2024-05-28 16:15:15.000,1.47,51.31071415,9.47367047, 119.8
2024-05-28 16:15:16.052,2024-05-28 16:15:16.071,2024-05-28 16:15:16.000,-,2024-05-28 16:15:16.000,1.17,51.31070338,9.47369187, 122.9
2024-05-28 16:15:17.057,2024-05-28 16:15:17.076,2024-05-28 16:15:17.005,-,2024-05-28 16:15:17.000,1.29,51.31069568,9.47371303, 108.0
2024-05-28 16:15:18.054,2024-05-28 16:15:18.073,2024-05-28 16:15:18.003,-,2024-05-28 16:15:18.000,1.63,51.31069128,9.4737401, 97.3
2024-05-28 16:15:19.056,2024-05-28 16:15:19.075,2024-05-28 16:15:19.004,-,2024-05-28 16:15:19.000,1.92,51.31068637,9.47377182, 102.5
2024-05-28 16:15:20.053,2024-05-28 16:15:20.072,2024-05-28 16:15:20.002,-,2024-05-28 16:15:20.000,1.79,51.31067943,9.47380313, 111.0
2024-05-28 16:15:21.052,2024-05-28 16:15:21.071,2024-05-28 16:15:21.001,-,2024-05-28 16:15:21.000,1.68,51.3106722,9.4738328, 105.3
2024-05-28 16:15:22.053,2024-05-28 16:15:22.072,2024-05-28 16:15:22.001,-,2024-05-28 16:15:22.000,1.65,51.3106671,9.47386147, 94.4
2024-05-28 16:15:23.055,2024-05-28 16:15:23.073,2024-05-28 16:15:23.003,-,2024-05-28 16:15:23.000,1.7,51.31066327,9.47389017, 97.1
2024-05-28 16:15:24.052,2024-05-28 16:15:24.071,2024-05-28 16:15:24.000,-,2024-05-28 16:15:24.000,1.34,51.31065821,9.47391521, 106.3
2024-05-28 16:15:25.049,2024-05-28 16:15:25.068,2024-05-28 16:15:24.997,-,2024-05-28 16:15:25.000,1.57,51.31065227,9.47394038, 107.1
2024-05-28 16:15:26.048,2024-05-28 16:15:26.067,2024-05-28 16:15:25.996,-,2024-05-28 16:15:26.000,1.5,51.31064591,9.4739668, 111.2
2024-05-28 16:15:27.044,2024-05-28 16:15:27.063,2024-05-28 16:15:26.992,-,2024-05-28 16:15:27.000,1.51,51.31064063,9.47399233, 105.4
2024-05-28 16:15:28.048,2024-05-28 16:15:28.066,2024-05-28 16:15:27.996,-,2024-05-28 16:15:28.000,1.35,51.31063604,9.4740167, 107.3
2024-05-28 16:15:29.047,2024-05-28 16:15:29.066,2024-05-28 16:15:28.995,-,2024-05-28 16:15:29.000,1.41,51.31063187,9.47403993, 112.3
2024-05-28 16:15:30.050,2024-05-28 16:15:30.069,2024-05-28 16:15:29.998,-,2024-05-28 16:15:30.000,1.52,51.31062811,9.47406562, 95.2
2024-05-28 16:15:31.051,2024-05-28 16:15:31.070,2024-05-28 16:15:30.999,-,2024-05-28 16:15:31.000,1.54,51.31062462,9.47409255, 106.5
2024-05-28 16:15:32.048,2024-05-28 16:15:32.067,2024-05-28 16:15:31.997,-,2024-05-28 16:15:32.000,1.53,51.31061919,9.47411831, 113.0
2024-05-28 16:15:33.046,2024-05-28 16:15:33.065,2024-05-28 16:15:32.994,-,2024-05-28 16:15:33.000,1.48,51.31061471,9.47414427, 106.6
2024-05-28 16:15:34.048,2024-05-28 16:15:34.067,2024-05-28 16:15:33.996,-,2024-05-28 16:15:34.000,1.36,51.31061147,9.47416889, 110.6
2024-05-28 16:15:35.045,2024-05-28 16:15:35.064,2024-05-28 16:15:34.993,-,2024-05-28 16:15:35.000,1.19,51.31060871,9.4741914, 108.5
2024-05-28 16:15:36.049,2024-05-28 16:15:36.068,2024-05-28 16:15:35.998,-,2024-05-28 16:15:36.000,1.27,51.31060568,9.47421304, 113.8
2024-05-28 16:15:37.050,2024-05-28 16:15:37.069,2024-05-28 16:15:36.998,-,2024-05-28 16:15:37.000,1.31,51.31059872,9.47423157, 148.9
2024-05-28 16:15:38.051,2024-05-28 16:15:38.069,2024-05-28 16:15:37.999,-,2024-05-28 16:15:38.000,0.63,51.31059343,9.47424715, 137.4
2024-05-28 16:15:39.047,2024-05-28 16:15:39.066,2024-05-28 16:15:38.995,-,2024-05-28 16:15:39.000,1.64,51.31058227,9.47425502, 174.5
2024-05-28 16:15:40.050,2024-05-28 16:15:40.069,2024-05-28 16:15:39.998,-,2024-05-28 16:15:40.000,0.94,51.3105679,9.4742564, 138.3
2024-05-28 16:15:41.044,2024-05-28 16:15:41.063,2024-05-28 16:15:40.993,-,2024-05-28 16:15:41.000,1.2,51.31055427,9.47425314, 194.9
2024-05-28 16:15:42.050,2024-05-28 16:15:42.069,2024-05-28 16:15:41.998,-,2024-05-28 16:15:42.000,1.82,51.31053494,9.47424919, 193.1
2024-05-28 16:15:43.059,2024-05-28 16:15:43.078,2024-05-28 16:15:43.007,-,2024-05-28 16:15:43.000,1.45,51.31051525,9.47424678, 194.7
2024-05-28 16:15:44.052,2024-05-28 16:15:44.071,2024-05-28 16:15:44.000,-,2024-05-28 16:15:44.000,2.06,51.31049558,9.47424115, 202.1
2024-05-28 16:15:45.046,2024-05-28 16:15:45.065,2024-05-28 16:15:44.995,-,2024-05-28 16:15:45.000,2.67,51.31047251,9.47422915, 204.0
2024-05-28 16:15:46.048,2024-05-28 16:15:46.067,2024-05-28 16:15:45.996,-,2024-05-28 16:15:46.000,2.52,51.31044922,9.47421334, 207.6
2024-05-28 16:15:47.049,2024-05-28 16:15:47.068,2024-05-28 16:15:46.997,-,2024-05-28 16:15:47.000,2.34,51.31042829,9.47419754, 209.5
2024-05-28 16:15:48.051,2024-05-28 16:15:48.070,2024-05-28 16:15:48.000,-,2024-05-28 16:15:48.000,2.49,51.31040799,9.47418013, 211.2
2024-05-28 16:15:49.056,2024-05-28 16:15:49.074,2024-05-28 16:15:49.004,-,2024-05-28 16:15:49.000,2.07,51.31039032,9.47416115, 218.2
2024-05-28 16:15:50.048,2024-05-28 16:15:50.067,2024-05-28 16:15:49.996,-,2024-05-28 16:15:50.000,1.74,51.31037518,9.4741414, 224.9
2024-05-28 16:15:51.051,2024-05-28 16:15:51.070,2024-05-28 16:15:50.999,-,2024-05-28 16:15:51.000,0.86,51.31036518,9.47412589, 229.8
2024-05-28 16:15:52.048,2024-05-28 16:15:52.066,2024-05-28 16:15:51.996,-,2024-05-28 16:15:52.000,1.04,51.31035772,9.47411107, 229.9
2024-05-28 16:15:53.049,2024-05-28 16:15:53.068,2024-05-28 16:15:52.998,-,2024-05-28 16:15:53.000,0.91,51.31035227,9.47409518, 229.9
2024-05-28 16:15:54.045,2024-05-28 16:15:54.064,2024-05-28 16:15:53.994,-,2024-05-28 16:15:54.000,0.85,51.31034937,9.47407961, 230.0
2024-05-28 16:15:55.049,2024-05-28 16:15:55.068,2024-05-28 16:15:54.997,-,2024-05-28 16:15:55.000,1.53,51.31035072,9.47405953, 293.5
2024-05-28 16:15:56.047,2024-05-28 16:15:56.065,2024-05-28 16:15:55.995,-,2024-05-28 16:15:56.000,1.44,51.31035518,9.47403681, 294.2
2024-05-28 16:15:57.049,2024-05-28 16:15:57.068,2024-05-28 16:15:56.997,-,2024-05-28 16:15:57.000,1.34,51.31036066,9.4740164, 296.9
2024-05-28 16:15:58.048,2024-05-28 16:15:58.067,2024-05-28 16:15:57.996,-,2024-05-28 16:15:58.000,1.13,51.3103639,9.47399865, 274.2
2024-05-28 16:15:59.049,2024-05-28 16:15:59.068,2024-05-28 16:15:58.998,-,2024-05-28 16:15:59.000,0.7,51.31036229,9.47398573, 252.4
2024-05-28 16:16:00.049,2024-05-28 16:16:00.067,2024-05-28 16:15:59.997,-,2024-05-28 16:16:00.000,0.22,51.31036054,9.4739816, 268.2
2024-05-28 16:16:01.050,2024-05-28 16:16:01.068,2024-05-28 16:16:00.998,-,2024-05-28 16:16:01.000,1.91,51.31036394,9.47396676, 298.4
2024-05-28 16:16:02.048,2024-05-28 16:16:02.067,2024-05-28 16:16:01.996,-,2024-05-28 16:16:02.000,1.06,51.31036851,9.47394794, 292.6
2024-05-28 16:16:03.050,2024-05-28 16:16:03.068,2024-05-28 16:16:02.998,-,2024-05-28 16:16:03.000,0.99,51.31037165,9.47393557, 298.1
2024-05-28 16:16:04.050,2024-05-28 16:16:04.069,2024-05-28 16:16:03.999,-,2024-05-28 16:16:04.000,0.99,51.31037514,9.47392418, 298.1
2024-05-28 16:16:05.046,2024-05-28 16:16:05.065,2024-05-28 16:16:04.994,-,2024-05-28 16:16:05.000,0.91,51.31037962,9.47391429, 298.1
2024-05-28 16:16:06.046,2024-05-28 16:16:06.065,2024-05-28 16:16:05.994,-,2024-05-28 16:16:06.000,1.29,51.31038594,9.47390243, 313.9
2024-05-28 16:16:07.052,2024-05-28 16:16:07.071,2024-05-28 16:16:07.000,-,2024-05-28 16:16:07.000,1.41,51.31039125,9.47388575, 300.8
2024-05-28 16:16:08.046,2024-05-28 16:16:08.064,2024-05-28 16:16:07.994,-,2024-05-28 16:16:08.000,1.75,51.31039608,9.47386561, 296.3
2024-05-28 16:16:09.049,2024-05-28 16:16:09.068,2024-05-28 16:16:08.997,-,2024-05-28 16:16:09.000,0.84,51.31039605,9.47384985, 313.2
2024-05-28 16:16:10.049,2024-05-28 16:16:10.068,2024-05-28 16:16:09.997,-,2024-05-28 16:16:10.000,1.35,51.31039212,9.47383538, 313.2
2024-05-28 16:16:11.049,2024-05-28 16:16:11.068,2024-05-28 16:16:10.997,-,2024-05-28 16:16:11.000,1.44,51.31039064,9.47381751, 277.4
2024-05-28 16:16:12.049,2024-05-28 16:16:12.067,2024-05-28 16:16:11.997,-,2024-05-28 16:16:12.000,1.52,51.31039316,9.47379912, 310.1
2024-05-28 16:16:13.048,2024-05-28 16:16:13.066,2024-05-28 16:16:12.996,-,2024-05-28 16:16:13.000,2.02,51.31040378,9.47378424, 325.3
2024-05-28 16:16:14.050,2024-05-28 16:16:14.069,2024-05-28 16:16:13.998,-,2024-05-28 16:16:14.000,1.26,51.31041442,9.47377195, 323.3
2024-05-28 16:16:15.048,2024-05-28 16:16:15.067,2024-05-28 16:16:14.997,-,2024-05-28 16:16:15.000,1.72,51.31042274,9.4737571, 314.8
2024-05-28 16:16:16.048,2024-05-28 16:16:16.067,2024-05-28 16:16:15.997,-,2024-05-28 16:16:16.000,1.81,51.31043009,9.47373572, 297.3
2024-05-28 16:16:17.052,2024-05-28 16:16:17.070,2024-05-28 16:16:17.000,-,2024-05-28 16:16:17.000,1.48,51.3104329,9.4737132, 300.0
2024-05-28 16:16:18.050,2024-05-28 16:16:18.069,2024-05-28 16:16:17.998,-,2024-05-28 16:16:18.000,0.63,51.31043291,9.47369931, 300.0
2024-05-28 16:16:19.051,2024-05-28 16:16:19.070,2024-05-28 16:16:18.999,-,2024-05-28 16:16:19.000,0.54,51.31043057,9.47369112, 300.0
2024-05-28 16:16:20.051,2024-05-28 16:16:20.070,2024-05-28 16:16:19.999,-,2024-05-28 16:16:20.000,0.71,51.31042604,9.47368179, 299.9
2024-05-28 16:16:21.052,2024-05-28 16:16:21.071,2024-05-28 16:16:21.000,-,2024-05-28 16:16:21.000,1.59,51.31042648,9.47366392, 295.1
2024-05-28 16:16:22.051,2024-05-28 16:16:22.070,2024-05-28 16:16:22.000,-,2024-05-28 16:16:22.000,1.6,51.31043306,9.47364297, 307.3
2024-05-28 16:16:23.050,2024-05-28 16:16:23.069,2024-05-28 16:16:22.999,-,2024-05-28 16:16:23.000,1.31,51.3104422,9.47362605, 320.6
2024-05-28 16:16:24.051,2024-05-28 16:16:24.070,2024-05-28 16:16:23.999,-,2024-05-28 16:16:24.000,1.38,51.31045165,9.47361152, 325.2
2024-05-28 16:16:25.051,2024-05-28 16:16:25.070,2024-05-28 16:16:25.000,-,2024-05-28 16:16:25.000,1.12,51.31046037,9.47359804, 327.8
2024-05-28 16:16:26.052,2024-05-28 16:16:26.071,2024-05-28 16:16:26.001,-,2024-05-28 16:16:26.000,1.13,51.3104674,9.47358394, 307.7
2024-05-28 16:16:27.059,2024-05-28 16:16:27.078,2024-05-28 16:16:27.007,-,2024-05-28 16:16:27.000,1.08,51.31047124,9.47356701, 289.8
2024-05-28 16:16:28.051,2024-05-28 16:16:28.070,2024-05-28 16:16:27.999,-,2024-05-28 16:16:28.000,1.06,51.31047354,9.47354994, 299.6
2024-05-28 16:16:29.045,2024-05-28 16:16:29.064,2024-05-28 16:16:28.994,-,2024-05-28 16:16:29.000,1.42,51.31047723,9.47353098, 289.5
2024-05-28 16:16:30.047,2024-05-28 16:16:30.065,2024-05-28 16:16:29.995,-,2024-05-28 16:16:30.000,1.39,51.31047544,9.47350919, 245.5
2024-05-28 16:16:31.048,2024-05-28 16:16:31.067,2024-05-28 16:16:30.996,-,2024-05-28 16:16:31.000,1.37,51.31046568,9.47349409, 256.6
2024-05-28 16:16:32.051,2024-05-28 16:16:32.070,2024-05-28 16:16:31.999,-,2024-05-28 16:16:32.000,1.07,51.31045742,9.47348078, 256.9
2024-05-28 16:16:33.052,2024-05-28 16:16:33.071,2024-05-28 16:16:33.000,-,2024-05-28 16:16:33.000,1.53,51.31045438,9.47345987, 256.8
2024-05-28 16:16:34.055,2024-05-28 16:16:34.073,2024-05-28 16:16:34.004,-,2024-05-28 16:16:34.000,1.69,51.31045994,9.47343545, 304.6
2024-05-28 16:16:35.054,2024-05-28 16:16:35.072,2024-05-28 16:16:35.002,-,2024-05-28 16:16:35.000,0.81,51.31046963,9.47341862, 306.0
2024-05-28 16:16:36.054,2024-05-28 16:16:36.073,2024-05-28 16:16:36.003,-,2024-05-28 16:16:36.000,1.62,51.31048281,9.47340533, 327.3
2024-05-28 16:16:37.054,2024-05-28 16:16:37.072,2024-05-28 16:16:37.003,-,2024-05-28 16:16:37.000,1.73,51.3104996,9.47338992, 328.9
2024-05-28 16:16:38.053,2024-05-28 16:16:38.071,2024-05-28 16:16:38.001,-,2024-05-28 16:16:38.000,0.97,51.31051141,9.47337614, 327.2
2024-05-28 16:16:39.060,2024-05-28 16:16:39.079,2024-05-28 16:16:39.008,-,2024-05-28 16:16:39.000,0.98,51.31051802,9.47336222, 327.2
2024-05-28 16:16:40.049,2024-05-28 16:16:40.068,2024-05-28 16:16:39.998,-,2024-05-28 16:16:40.000,1.49,51.31052236,9.47334244, 327.2
2024-05-28 16:16:41.059,2024-05-28 16:16:41.077,2024-05-28 16:16:41.007,-,2024-05-28 16:16:41.000,0.64,51.31052397,9.47332615, 327.2
2024-05-28 16:16:42.051,2024-05-28 16:16:42.070,2024-05-28 16:16:42.000,-,2024-05-28 16:16:42.000,0.56,51.31052328,9.47331737, 327.2
2024-05-28 16:16:43.051,2024-05-28 16:16:43.069,2024-05-28 16:16:42.999,-,2024-05-28 16:16:43.000,1.63,51.31052236,9.47329998, 271.2
2024-05-28 16:16:44.054,2024-05-28 16:16:44.073,2024-05-28 16:16:44.003,-,2024-05-28 16:16:44.000,1.41,51.31052362,9.47327699, 281.1
2024-05-28 16:16:45.054,2024-05-28 16:16:45.073,2024-05-28 16:16:45.003,-,2024-05-28 16:16:45.000,0.94,51.31052595,9.47325908, 276.8
2024-05-28 16:16:46.050,2024-05-28 16:16:46.068,2024-05-28 16:16:45.998,-,2024-05-28 16:16:46.000,1.35,51.31052911,9.47324177, 276.8
2024-05-28 16:16:47.049,2024-05-28 16:16:47.068,2024-05-28 16:16:46.997,-,2024-05-28 16:16:47.000,1.65,51.31053185,9.47321871, 277.0
2024-05-28 16:16:48.050,2024-05-28 16:16:48.068,2024-05-28 16:16:47.998,-,2024-05-28 16:16:48.000,1.74,51.31053577,9.47319345, 281.7
2024-05-28 16:16:49.051,2024-05-28 16:16:49.070,2024-05-28 16:16:49.000,-,2024-05-28 16:16:49.000,1.08,51.31054114,9.47317242, 299.7
2024-05-28 16:16:50.050,2024-05-28 16:16:50.069,2024-05-28 16:16:49.998,-,2024-05-28 16:16:50.000,0.87,51.31054696,9.47315948, 301.4
2024-05-28 16:16:51.048,2024-05-28 16:16:51.067,2024-05-28 16:16:50.997,-,2024-05-28 16:16:51.000,1.26,51.31055447,9.47314686, 317.2
2024-05-28 16:16:52.049,2024-05-28 16:16:52.068,2024-05-28 16:16:51.998,-,2024-05-28 16:16:52.000,1.41,51.3105647,9.47313259, 323.9
2024-05-28 16:16:53.044,2024-05-28 16:16:53.063,2024-05-28 16:16:52.992,-,2024-05-28 16:16:53.000,0.83,51.31057222,9.47312142, 321.5
2024-05-28 16:16:54.047,2024-05-28 16:16:54.066,2024-05-28 16:16:53.996,-,2024-05-28 16:16:54.000,0.23,51.31057411,9.47311584, 315.6
2024-05-28 16:16:55.049,2024-05-28 16:16:55.068,2024-05-28 16:16:54.998,-,2024-05-28 16:16:55.000,0.0,51.31057349,9.47311413, 0.0
2024-05-28 16:16:56.059,2024-05-28 16:16:56.077,2024-05-28 16:16:56.007,-,2024-05-28 16:16:56.000,0.28,51.31057346,9.47311173, 322.2
2024-05-28 16:16:57.049,2024-05-28 16:16:57.068,2024-05-28 16:16:56.998,-,2024-05-28 16:16:57.000,0.24,51.31057408,9.47310775, 320.3
2024-05-28 16:16:58.049,2024-05-28 16:16:58.068,2024-05-28 16:16:57.998,-,2024-05-28 16:16:58.000,0.23,51.31057405,9.47310459, 317.1
2024-05-28 16:16:59.050,2024-05-28 16:16:59.069,2024-05-28 16:16:58.998,-,2024-05-28 16:16:59.000,0.0,51.31057194,9.47310523, 0.0
2024-05-28 16:17:00.049,2024-05-28 16:17:00.068,2024-05-28 16:16:59.998,-,2024-05-28 16:17:00.000,1.77,51.31057492,9.4730915, 295.1
2024-05-28 16:17:01.050,2024-05-28 16:17:01.069,2024-05-28 16:17:00.998,-,2024-05-28 16:17:01.000,2.03,51.3105755,9.47306492, 260.5
2024-05-28 16:17:02.051,2024-05-28 16:17:02.070,2024-05-28 16:17:01.999,-,2024-05-28 16:17:02.000,1.06,51.31057159,9.47304525, 293.6
2024-05-28 16:17:03.050,2024-05-28 16:17:03.069,2024-05-28 16:17:02.998,-,2024-05-28 16:17:03.000,1.18,51.31056493,9.47303351, 293.5
2024-05-28 16:17:04.046,2024-05-28 16:17:04.065,2024-05-28 16:17:03.994,-,2024-05-28 16:17:04.000,1.41,51.31055478,9.47302115, 219.6
2024-05-28 16:17:05.053,2024-05-28 16:17:05.071,2024-05-28 16:17:05.001,-,2024-05-28 16:17:05.000,1.32,51.31054717,9.47300622, 244.7
2024-05-28 16:17:06.051,2024-05-28 16:17:06.070,2024-05-28 16:17:06.000,-,2024-05-28 16:17:06.000,1.26,51.3105422,9.47298963, 251.4
2024-05-28 16:17:07.056,2024-05-28 16:17:07.074,2024-05-28 16:17:07.005,-,2024-05-28 16:17:07.000,1.99,51.31053296,9.47297089, 232.5
2024-05-28 16:17:08.056,2024-05-28 16:17:08.075,2024-05-28 16:17:08.005,-,2024-05-28 16:17:08.000,1.18,51.31052467,9.47295504, 240.4
2024-05-28 16:17:09.052,2024-05-28 16:17:09.071,2024-05-28 16:17:09.000,-,2024-05-28 16:17:09.000,1.17,51.31052083,9.47294139, 241.3
2024-05-28 16:17:10.050,2024-05-28 16:17:10.068,2024-05-28 16:17:09.998,-,2024-05-28 16:17:10.000,1.68,51.31052214,9.47292139, 241.5
2024-05-28 16:17:11.051,2024-05-28 16:17:11.070,2024-05-28 16:17:10.999,-,2024-05-28 16:17:11.000,1.44,51.31052814,9.47289945, 241.5
2024-05-28 16:17:12.049,2024-05-28 16:17:12.068,2024-05-28 16:17:11.998,-,2024-05-28 16:17:12.000,1.97,51.31053956,9.47287502, 299.0
2024-05-28 16:17:13.050,2024-05-28 16:17:13.069,2024-05-28 16:17:12.998,-,2024-05-28 16:17:13.000,1.75,51.31055682,9.47285241, 322.8
2024-05-28 16:17:14.051,2024-05-28 16:17:14.070,2024-05-28 16:17:13.999,-,2024-05-28 16:17:14.000,1.77,51.31057805,9.47283805, 341.2
2024-05-28 16:17:15.044,2024-05-28 16:17:15.063,2024-05-28 16:17:14.993,-,2024-05-28 16:17:15.000,1.45,51.310599,9.47283023, 357.2
2024-05-28 16:17:16.051,2024-05-28 16:17:16.069,2024-05-28 16:17:15.999,-,2024-05-28 16:17:16.000,1.1,51.31061791,9.47282672, 6.5
2024-05-28 16:17:17.051,2024-05-28 16:17:17.070,2024-05-28 16:17:17.000,-,2024-05-28 16:17:17.000,1.71,51.31063726,9.4728244, 2.8
2024-05-28 16:17:18.060,2024-05-28 16:17:18.078,2024-05-28 16:17:18.008,-,2024-05-28 16:17:18.000,1.11,51.31065459,9.47282164, 0.0
2024-05-28 16:17:19.060,2024-05-28 16:17:19.079,2024-05-28 16:17:19.008,-,2024-05-28 16:17:19.000,1.28,51.31066908,9.47281598, 359.9
2024-05-28 16:17:20.049,2024-05-28 16:17:20.068,2024-05-28 16:17:19.997,-,2024-05-28 16:17:20.000,1.33,51.31068362,9.47280608, 334.1
2024-05-28 16:17:21.048,2024-05-28 16:17:21.066,2024-05-28 16:17:20.996,-,2024-05-28 16:17:21.000,1.51,51.3107,9.47279916, 2.2
2024-05-28 16:17:22.053,2024-05-28 16:17:22.072,2024-05-28 16:17:22.001,-,2024-05-28 16:17:22.000,1.59,51.31071721,9.47279935, 8.0
2024-05-28 16:17:23.057,2024-05-28 16:17:23.075,2024-05-28 16:17:23.005,-,2024-05-28 16:17:23.000,1.57,51.31073425,9.47279527, 341.9
2024-05-28 16:17:24.054,2024-05-28 16:17:24.073,2024-05-28 16:17:24.003,-,2024-05-28 16:17:24.000,1.39,51.31074848,9.47278261, 326.0
2024-05-28 16:17:25.049,2024-05-28 16:17:25.068,2024-05-28 16:17:24.998,-,2024-05-28 16:17:25.000,1.65,51.31076021,9.47276514, 317.9
2024-05-28 16:17:26.053,2024-05-28 16:17:26.072,2024-05-28 16:17:26.001,-,2024-05-28 16:17:26.000,1.66,51.31076741,9.47274154, 283.9
2024-05-28 16:17:27.057,2024-05-28 16:17:27.076,2024-05-28 16:17:27.006,-,2024-05-28 16:17:27.000,1.99,51.31077529,9.47271484, 303.6
2024-05-28 16:17:28.052,2024-05-28 16:17:28.070,2024-05-28 16:17:28.000,-,2024-05-28 16:17:28.000,1.44,51.31078204,9.47269016, 291.0
2024-05-28 16:17:29.051,2024-05-28 16:17:29.070,2024-05-28 16:17:28.999,-,2024-05-28 16:17:29.000,1.53,51.31078578,9.47266673, 290.9
2024-05-28 16:17:30.049,2024-05-28 16:17:30.068,2024-05-28 16:17:29.997,-,2024-05-28 16:17:30.000,1.65,51.31078813,9.47264165, 275.7
2024-05-28 16:17:31.050,2024-05-28 16:17:31.069,2024-05-28 16:17:30.998,-,2024-05-28 16:17:31.000,1.62,51.31078885,9.4726157, 276.0
2024-05-28 16:17:32.047,2024-05-28 16:17:32.066,2024-05-28 16:17:31.996,-,2024-05-28 16:17:32.000,1.73,51.31079209,9.47259015, 284.7
2024-05-28 16:17:33.049,2024-05-28 16:17:33.068,2024-05-28 16:17:32.997,-,2024-05-28 16:17:33.000,1.79,51.31079981,9.47256577, 305.3
2024-05-28 16:17:34.051,2024-05-28 16:17:34.070,2024-05-28 16:17:33.999,-,2024-05-28 16:17:34.000,1.49,51.31080969,9.47254442, 317.9
2024-05-28 16:17:35.049,2024-05-28 16:17:35.068,2024-05-28 16:17:34.997,-,2024-05-28 16:17:35.000,1.86,51.3108193,9.47252202, 308.1
2024-05-28 16:17:36.048,2024-05-28 16:17:36.067,2024-05-28 16:17:35.996,-,2024-05-28 16:17:36.000,1.81,51.31082633,9.47249571, 286.4
2024-05-28 16:17:37.049,2024-05-28 16:17:37.067,2024-05-28 16:17:36.997,-,2024-05-28 16:17:37.000,1.28,51.31082884,9.47247215, 285.7
2024-05-28 16:17:38.050,2024-05-28 16:17:38.069,2024-05-28 16:17:37.998,-,2024-05-28 16:17:38.000,1.52,51.3108305,9.47245058, 286.7
2024-05-28 16:17:39.058,2024-05-28 16:17:39.077,2024-05-28 16:17:39.006,-,2024-05-28 16:17:39.000,1.45,51.31083353,9.47242906, 286.9
2024-05-28 16:17:40.056,2024-05-28 16:17:40.075,2024-05-28 16:17:40.005,-,2024-05-28 16:17:40.000,1.32,51.31083783,9.47241058, 288.3
2024-05-28 16:17:41.059,2024-05-28 16:17:41.078,2024-05-28 16:17:41.008,-,2024-05-28 16:17:41.000,1.56,51.31084096,9.4723911, 282.8
2024-05-28 16:17:42.058,2024-05-28 16:17:42.077,2024-05-28 16:17:42.006,-,2024-05-28 16:17:42.000,1.38,51.31084083,9.4723705, 264.8
2024-05-28 16:17:43.056,2024-05-28 16:17:43.074,2024-05-28 16:17:43.004,-,2024-05-28 16:17:43.000,1.89,51.31083874,9.47234588, 262.9
2024-05-28 16:17:44.059,2024-05-28 16:17:44.077,2024-05-28 16:17:44.007,-,2024-05-28 16:17:44.000,1.6,51.31083563,9.47232094, 255.7
2024-05-28 16:17:45.052,2024-05-28 16:17:45.071,2024-05-28 16:17:45.000,-,2024-05-28 16:17:45.000,1.21,51.31083337,9.47230104, 268.0
2024-05-28 16:17:46.048,2024-05-28 16:17:46.067,2024-05-28 16:17:45.996,-,2024-05-28 16:17:46.000,1.8,51.31083415,9.47227783, 265.5
2024-05-28 16:17:47.045,2024-05-28 16:17:47.064,2024-05-28 16:17:46.994,-,2024-05-28 16:17:47.000,1.5,51.31083383,9.47225366, 257.8
2024-05-28 16:17:48.053,2024-05-28 16:17:48.072,2024-05-28 16:17:48.001,-,2024-05-28 16:17:48.000,1.6,51.31083178,9.47223076, 255.0
2024-05-28 16:17:49.056,2024-05-28 16:17:49.075,2024-05-28 16:17:49.005,-,2024-05-28 16:17:49.000,1.29,51.3108293,9.47221112, 261.9
2024-05-28 16:17:50.046,2024-05-28 16:17:50.065,2024-05-28 16:17:49.994,-,2024-05-28 16:17:50.000,1.56,51.31082854,9.47218937, 274.2
2024-05-28 16:17:51.047,2024-05-28 16:17:51.066,2024-05-28 16:17:50.996,-,2024-05-28 16:17:51.000,1.56,51.31083142,9.47216578, 288.9
2024-05-28 16:17:52.049,2024-05-28 16:17:52.068,2024-05-28 16:17:51.997,-,2024-05-28 16:17:52.000,1.68,51.31083896,9.47214398, 315.2
2024-05-28 16:17:53.050,2024-05-28 16:17:53.069,2024-05-28 16:17:52.998,-,2024-05-28 16:17:53.000,1.74,51.3108507,9.47212614, 332.6
2024-05-28 16:17:54.049,2024-05-28 16:17:54.068,2024-05-28 16:17:53.997,-,2024-05-28 16:17:54.000,1.55,51.31086317,9.47211249, 335.9
2024-05-28 16:17:55.048,2024-05-28 16:17:55.066,2024-05-28 16:17:54.996,-,2024-05-28 16:17:55.000,1.65,51.31087621,9.47210056, 339.7
2024-05-28 16:17:56.049,2024-05-28 16:17:56.068,2024-05-28 16:17:55.997,-,2024-05-28 16:17:56.000,1.67,51.31088938,9.47208754, 330.1
2024-05-28 16:17:57.045,2024-05-28 16:17:57.064,2024-05-28 16:17:56.993,-,2024-05-28 16:17:57.000,1.61,51.3109028,9.47207593, 337.3
2024-05-28 16:17:58.050,2024-05-28 16:17:58.069,2024-05-28 16:17:57.999,-,2024-05-28 16:17:58.000,1.19,51.31091341,9.47206554, 337.5
2024-05-28 16:17:59.059,2024-05-28 16:17:59.078,2024-05-28 16:17:59.007,-,2024-05-28 16:17:59.000,1.25,51.31092251,9.47205586, 334.4
2024-05-28 16:18:00.054,2024-05-28 16:18:00.073,2024-05-28 16:18:00.002,-,2024-05-28 16:18:00.000,1.39,51.31093166,9.47204314, 321.4
2024-05-28 16:18:01.054,2024-05-28 16:18:01.073,2024-05-28 16:18:01.004,-,2024-05-28 16:18:01.000,1.38,51.31094035,9.47202713, 311.2
2024-05-28 16:18:02.051,2024-05-28 16:18:02.070,2024-05-28 16:18:01.999,-,2024-05-28 16:18:02.000,0.92,51.31094403,9.4720121, 297.9
2024-05-28 16:18:03.055,2024-05-28 16:18:03.074,2024-05-28 16:18:03.003,-,2024-05-28 16:18:03.000,0.55,51.3109439,9.47200284, 306.4
2024-05-28 16:18:04.046,2024-05-28 16:18:04.065,2024-05-28 16:18:03.994,-,2024-05-28 16:18:04.000,1.89,51.31093842,9.47198722, 242.8
2024-05-28 16:18:05.044,2024-05-28 16:18:05.063,2024-05-28 16:18:04.992,-,2024-05-28 16:18:05.000,1.75,51.31093256,9.47196342, 260.4
2024-05-28 16:18:06.044,2024-05-28 16:18:06.063,2024-05-28 16:18:05.992,-,2024-05-28 16:18:06.000,1.94,51.310928,9.47193799, 252.1
2024-05-28 16:18:07.050,2024-05-28 16:18:07.069,2024-05-28 16:18:06.998,-,2024-05-28 16:18:07.000,2.14,51.31092283,9.47191037, 250.1
2024-05-28 16:18:08.050,2024-05-28 16:18:08.069,2024-05-28 16:18:07.998,-,2024-05-28 16:18:08.000,1.92,51.31091714,9.47188288, 249.3
2024-05-28 16:18:09.045,2024-05-28 16:18:09.064,2024-05-28 16:18:08.993,-,2024-05-28 16:18:09.000,2.35,51.31091106,9.47185304, 251.7
2024-05-28 16:18:10.049,2024-05-28 16:18:10.067,2024-05-28 16:18:09.997,-,2024-05-28 16:18:10.000,1.96,51.31090614,9.47182322, 254.5
2024-05-28 16:18:11.047,2024-05-28 16:18:11.066,2024-05-28 16:18:10.996,-,2024-05-28 16:18:11.000,1.76,51.31090156,9.47179836, 255.5
2024-05-28 16:18:12.047,2024-05-28 16:18:12.066,2024-05-28 16:18:11.995,-,2024-05-28 16:18:12.000,2.01,51.31089513,9.47177239, 251.0
2024-05-28 16:18:13.044,2024-05-28 16:18:13.063,2024-05-28 16:18:12.992,-,2024-05-28 16:18:13.000,1.91,51.31088643,9.47174603, 245.4
2024-05-28 16:18:14.049,2024-05-28 16:18:14.068,2024-05-28 16:18:13.998,-,2024-05-28 16:18:14.000,1.89,51.31087806,9.47172126, 242.9
2024-05-28 16:18:15.053,2024-05-28 16:18:15.071,2024-05-28 16:18:15.002,-,2024-05-28 16:18:15.000,1.95,51.31087073,9.47169628, 243.1
2024-05-28 16:18:16.052,2024-05-28 16:18:16.071,2024-05-28 16:18:16.000,-,2024-05-28 16:18:16.000,1.78,51.310864,9.471673, 243.6
2024-05-28 16:18:17.050,2024-05-28 16:18:17.069,2024-05-28 16:18:16.998,-,2024-05-28 16:18:17.000,1.53,51.31085805,9.47165525, 240.7
2024-05-28 16:18:18.045,2024-05-28 16:18:18.064,2024-05-28 16:18:17.993,-,2024-05-28 16:18:18.000,0.57,51.31085492,9.47164611, 241.3
2024-05-28 16:18:19.045,2024-05-28 16:18:19.064,2024-05-28 16:18:18.993,-,2024-05-28 16:18:19.000,0.0,51.31085735,9.47165272, 0.0
2024-05-28 16:18:20.042,2024-05-28 16:18:20.061,2024-05-28 16:18:19.990,-,2024-05-28 16:18:20.000,0.0,51.31085917,9.47165776, 0.0
2024-05-28 16:18:21.049,2024-05-28 16:18:21.068,2024-05-28 16:18:20.997,-,2024-05-28 16:18:21.000,0.0,51.3108601,9.47166023, 0.0
2024-05-28 16:18:22.043,2024-05-28 16:18:22.062,2024-05-28 16:18:21.991,-,2024-05-28 16:18:22.000,0.0,51.31086057,9.47166144, 0.0
2024-05-28 16:18:23.046,2024-05-28 16:18:23.065,2024-05-28 16:18:22.994,-,2024-05-28 16:18:23.000,0.0,51.31086078,9.47166202, 0.0
2024-05-28 16:18:24.045,2024-05-28 16:18:24.063,2024-05-28 16:18:23.993,-,2024-05-28 16:18:24.000,1.04,51.31086203,9.47165319, 265.4
2024-05-28 16:18:25.048,2024-05-28 16:18:25.066,2024-05-28 16:18:24.997,-,2024-05-28 16:18:25.000,0.54,51.31086003,9.4716433, 284.8
2024-05-28 16:18:26.045,2024-05-28 16:18:26.063,2024-05-28 16:18:25.993,-,2024-05-28 16:18:26.000,1.38,51.31086353,9.47164999, 46.6
2024-05-28 16:18:27.047,2024-05-28 16:18:27.066,2024-05-28 16:18:26.995,-,2024-05-28 16:18:27.000,1.43,51.31086769,9.47166957, 78.3
2024-05-28 16:18:28.049,2024-05-28 16:18:28.068,2024-05-28 16:18:27.998,-,2024-05-28 16:18:28.000,2.29,51.31087383,9.4716986, 66.3
2024-05-28 16:18:29.047,2024-05-28 16:18:29.066,2024-05-28 16:18:28.996,-,2024-05-28 16:18:29.000,2.56,51.31088416,9.47173283, 63.5
2024-05-28 16:18:30.050,2024-05-28 16:18:30.069,2024-05-28 16:18:29.998,-,2024-05-28 16:18:30.000,2.78,51.3108951,9.47177043, 65.8
2024-05-28 16:18:31.048,2024-05-28 16:18:31.067,2024-05-28 16:18:30.996,-,2024-05-28 16:18:31.000,2.63,51.31090418,9.47180817, 70.3
2024-05-28 16:18:32.049,2024-05-28 16:18:32.068,2024-05-28 16:18:31.997,-,2024-05-28 16:18:32.000,2.72,51.31091022,9.47184645, 78.2
2024-05-28 16:18:33.052,2024-05-28 16:18:33.071,2024-05-28 16:18:33.000,-,2024-05-28 16:18:33.000,1.95,51.31091549,9.47187959, 74.2
2024-05-28 16:18:34.051,2024-05-28 16:18:34.069,2024-05-28 16:18:34.000,-,2024-05-28 16:18:34.000,1.65,51.31092612,9.47189185, 77.9
2024-05-28 16:18:35.053,2024-05-28 16:18:35.071,2024-05-28 16:18:35.001,-,2024-05-28 16:18:35.000,1.6,51.31093104,9.47190723, 85.0
2024-05-28 16:18:36.055,2024-05-28 16:18:36.074,2024-05-28 16:18:36.003,-,2024-05-28 16:18:36.000,1.83,51.31093421,9.47193438, 86.1
2024-05-28 16:18:37.053,2024-05-28 16:18:37.072,2024-05-28 16:18:37.001,-,2024-05-28 16:18:37.000,1.34,51.31094435,9.47195911, 75.1
2024-05-28 16:18:38.047,2024-05-28 16:18:38.066,2024-05-28 16:18:37.995,-,2024-05-28 16:18:38.000,0.87,51.31094764,9.47198013, 64.3
2024-05-28 16:18:39.050,2024-05-28 16:18:39.068,2024-05-28 16:18:38.998,-,2024-05-28 16:18:39.000,1.19,51.31094689,9.47198951, 82.7
2024-05-28 16:18:40.046,2024-05-28 16:18:40.065,2024-05-28 16:18:39.994,-,2024-05-28 16:18:40.000,0.9,51.310952,9.47200027, 84.6
2024-05-28 16:18:41.046,2024-05-28 16:18:41.065,2024-05-28 16:18:40.994,-,2024-05-28 16:18:41.000,0.72,51.31095255,9.47200195, 71.4
2024-05-28 16:18:42.050,2024-05-28 16:18:42.069,2024-05-28 16:18:41.999,-,2024-05-28 16:18:42.000,0.45,51.31095355,9.47201814, 71.6
2024-05-28 16:18:43.049,2024-05-28 16:18:43.068,2024-05-28 16:18:42.998,-,2024-05-28 16:18:43.000,0.83,51.31095581,9.472031, 71.9
2024-05-28 16:18:44.055,2024-05-28 16:18:44.074,2024-05-28 16:18:44.003,-,2024-05-28 16:18:44.000,0.82,51.31095188,9.47204685, 71.8
2024-05-28 16:18:45.057,2024-05-28 16:18:45.076,2024-05-28 16:18:45.005,-,2024-05-28 16:18:45.000,0.69,51.31095026,9.4720529, 71.8
2024-05-28 16:18:46.054,2024-05-28 16:18:46.073,2024-05-28 16:18:46.003,-,2024-05-28 16:18:46.000,0.72,51.31095251,9.47206157, 77.5
2024-05-28 16:18:47.049,2024-05-28 16:18:47.068,2024-05-28 16:18:46.998,-,2024-05-28 16:18:47.000,0.79,51.31095798,9.47207253, 77.1
2024-05-28 16:18:48.052,2024-05-28 16:18:48.071,2024-05-28 16:18:48.000,-,2024-05-28 16:18:48.000,0.83,51.31096107,9.47208304, 77.2
2024-05-28 16:18:49.049,2024-05-28 16:18:49.068,2024-05-28 16:18:48.998,-,2024-05-28 16:18:49.000,0.97,51.31096439,9.47209549, 77.2
2024-05-28 16:18:50.052,2024-05-28 16:18:50.071,2024-05-28 16:18:50.000,-,2024-05-28 16:18:50.000,1.59,51.31096882,9.47211554, 73.0
2024-05-28 16:18:51.049,2024-05-28 16:18:51.068,2024-05-28 16:18:50.997,-,2024-05-28 16:18:51.000,1.3,51.31097381,9.47213756, 72.6
2024-05-28 16:18:52.047,2024-05-28 16:18:52.066,2024-05-28 16:18:51.995,-,2024-05-28 16:18:52.000,1.44,51.31097671,9.47215727, 74.8
2024-05-28 16:18:53.051,2024-05-28 16:18:53.070,2024-05-28 16:18:52.999,-,2024-05-28 16:18:53.000,0.74,51.31097811,9.47217259, 75.2
2024-05-28 16:18:54.057,2024-05-28 16:18:54.076,2024-05-28 16:18:54.005,-,2024-05-28 16:18:54.000,0.56,51.31097771,9.47218357, 75.8
2024-05-28 16:18:55.055,2024-05-28 16:18:55.074,2024-05-28 16:18:55.004,-,2024-05-28 16:18:55.000,1.68,51.31097769,9.47220486, 76.1
2024-05-28 16:18:56.054,2024-05-28 16:18:56.072,2024-05-28 16:18:56.003,-,2024-05-28 16:18:56.000,1.35,51.3109772,9.47223251, 76.2
2024-05-28 16:18:57.051,2024-05-28 16:18:57.070,2024-05-28 16:18:56.999,-,2024-05-28 16:18:57.000,0.88,51.31097613,9.47225447, 76.5
2024-05-28 16:18:58.048,2024-05-28 16:18:58.067,2024-05-28 16:18:57.996,-,2024-05-28 16:18:58.000,1.07,51.31097568,9.47227386, 90.8
2024-05-28 16:18:59.049,2024-05-28 16:18:59.067,2024-05-28 16:18:58.997,-,2024-05-28 16:18:59.000,0.98,51.3109743,9.47229365, 91.9
2024-05-28 16:19:00.048,2024-05-28 16:19:00.067,2024-05-28 16:18:59.996,-,2024-05-28 16:19:00.000,1.21,51.31097147,9.47231516, 103.6
2024-05-28 16:19:01.046,2024-05-28 16:19:01.065,2024-05-28 16:19:00.995,-,2024-05-28 16:19:01.000,0.48,51.31096855,9.47232922, 77.2
2024-05-28 16:19:02.049,2024-05-28 16:19:02.067,2024-05-28 16:19:01.997,-,2024-05-28 16:19:02.000,0.85,51.3109679,9.47234178, 77.5
2024-05-28 16:19:03.045,2024-05-28 16:19:03.064,2024-05-28 16:19:02.993,-,2024-05-28 16:19:03.000,0.85,51.31096876,9.47235678, 79.9
2024-05-28 16:19:04.045,2024-05-28 16:19:04.063,2024-05-28 16:19:03.993,-,2024-05-28 16:19:04.000,2.0,51.31096736,9.47238191, 95.8
2024-05-28 16:19:05.051,2024-05-28 16:19:05.070,2024-05-28 16:19:05.000,-,2024-05-28 16:19:05.000,1.7,51.3109594,9.47241064, 133.5
2024-05-28 16:19:06.048,2024-05-28 16:19:06.067,2024-05-28 16:19:05.996,-,2024-05-28 16:19:06.000,1.33,51.31095012,9.4724352, 128.3
2024-05-28 16:19:07.048,2024-05-28 16:19:07.066,2024-05-28 16:19:06.996,-,2024-05-28 16:19:07.000,1.1,51.31094817,9.47245456, 132.2
2024-05-28 16:19:08.047,2024-05-28 16:19:08.066,2024-05-28 16:19:07.995,-,2024-05-28 16:19:08.000,1.14,51.31094876,9.47247321, 141.2
2024-05-28 16:19:09.048,2024-05-28 16:19:09.066,2024-05-28 16:19:08.996,-,2024-05-28 16:19:09.000,1.13,51.31095274,9.47249296, 138.6
2024-05-28 16:19:10.046,2024-05-28 16:19:10.065,2024-05-28 16:19:09.994,-,2024-05-28 16:19:10.000,1.04,51.31095984,9.47250958, 129.3
2024-05-28 16:19:11.048,2024-05-28 16:19:11.067,2024-05-28 16:19:10.996,-,2024-05-28 16:19:11.000,0.78,51.31097008,9.47252397, 135.2
2024-05-28 16:19:12.046,2024-05-28 16:19:12.065,2024-05-28 16:19:11.995,-,2024-05-28 16:19:12.000,0.98,51.31098026,9.47253832, 131.0
2024-05-28 16:19:13.052,2024-05-28 16:19:13.070,2024-05-28 16:19:13.000,-,2024-05-28 16:19:13.000,0.95,51.31099086,9.47255471, 121.6
2024-05-28 16:19:14.057,2024-05-28 16:19:14.075,2024-05-28 16:19:14.005,-,2024-05-28 16:19:14.000,0.93,51.31100216,9.47256806, 119.7
2024-05-28 16:19:15.055,2024-05-28 16:19:15.073,2024-05-28 16:19:15.003,-,2024-05-28 16:19:15.000,0.79,51.31101788,9.4725828, 108.4
2024-05-28 16:19:16.060,2024-05-28 16:19:16.079,2024-05-28 16:19:16.009,-,2024-05-28 16:19:16.000,0.83,51.31103461,9.47259697, 99.6
2024-05-28 16:19:17.054,2024-05-28 16:19:17.073,2024-05-28 16:19:17.003,-,2024-05-28 16:19:17.000,1.05,51.31105392,9.47260778, 92.0
2024-05-28 16:19:18.056,2024-05-28 16:19:18.075,2024-05-28 16:19:18.004,-,2024-05-28 16:19:18.000,1.11,51.31107288,9.47261506, 91.9
2024-05-28 16:19:19.055,2024-05-28 16:19:19.074,2024-05-28 16:19:19.004,-,2024-05-28 16:19:19.000,0.92,51.31108956,9.47262224, 84.0
2024-05-28 16:19:20.057,2024-05-28 16:19:20.076,2024-05-28 16:19:20.006,-,2024-05-28 16:19:20.000,0.98,51.31110506,9.47262749, 93.6
2024-05-28 16:19:21.052,2024-05-28 16:19:21.070,2024-05-28 16:19:21.000,-,2024-05-28 16:19:21.000,0.97,51.31112002,9.47263076, 100.6
2024-05-28 16:19:22.056,2024-05-28 16:19:22.075,2024-05-28 16:19:22.004,-,2024-05-28 16:19:22.000,0.85,51.31113463,9.47263307, 85.0
2024-05-28 16:19:23.048,2024-05-28 16:19:23.067,2024-05-28 16:19:22.996,-,2024-05-28 16:19:23.000,1.64,51.31115282,9.4726385, 67.0
2024-05-28 16:19:24.048,2024-05-28 16:19:24.067,2024-05-28 16:19:23.996,-,2024-05-28 16:19:24.000,1.64,51.31117351,9.47264572, 61.6
2024-05-28 16:19:25.045,2024-05-28 16:19:25.064,2024-05-28 16:19:24.993,-,2024-05-28 16:19:25.000,1.7,51.31119375,9.47265261, 66.3
2024-05-28 16:19:26.045,2024-05-28 16:19:26.064,2024-05-28 16:19:25.994,-,2024-05-28 16:19:26.000,1.63,51.31121524,9.47265289, 10.2
2024-05-28 16:19:27.047,2024-05-28 16:19:27.066,2024-05-28 16:19:26.995,-,2024-05-28 16:19:27.000,1.59,51.31123832,9.4726472, 14.5
2024-05-28 16:19:28.050,2024-05-28 16:19:28.069,2024-05-28 16:19:27.998,-,2024-05-28 16:19:28.000,1.62,51.31125953,9.47264318, 8.7
2024-05-28 16:19:29.051,2024-05-28 16:19:29.070,2024-05-28 16:19:28.999,-,2024-05-28 16:19:29.000,1.75,51.31128085,9.4726388, 8.3
2024-05-28 16:19:30.049,2024-05-28 16:19:30.067,2024-05-28 16:19:29.997,-,2024-05-28 16:19:30.000,1.45,51.31130099,9.47263313, 10.4
2024-05-28 16:19:31.051,2024-05-28 16:19:31.070,2024-05-28 16:19:30.999,-,2024-05-28 16:19:31.000,1.53,51.31131906,9.4726284, 359.1
2024-05-28 16:19:32.059,2024-05-28 16:19:32.078,2024-05-28 16:19:32.008,-,2024-05-28 16:19:32.000,1.59,51.3113373,9.47262595, 11.3
2024-05-28 16:19:33.053,2024-05-28 16:19:33.072,2024-05-28 16:19:33.002,-,2024-05-28 16:19:33.000,1.18,51.31135222,9.47262687, 10.4
2024-05-28 16:19:34.047,2024-05-28 16:19:34.065,2024-05-28 16:19:33.995,-,2024-05-28 16:19:34.000,1.69,51.31136827,9.4726252, 355.1
2024-05-28 16:19:35.050,2024-05-28 16:19:35.068,2024-05-28 16:19:34.998,-,2024-05-28 16:19:35.000,1.76,51.31138714,9.47262714, 356.4
2024-05-28 16:19:36.048,2024-05-28 16:19:36.067,2024-05-28 16:19:35.996,-,2024-05-28 16:19:36.000,1.61,51.31140517,9.47263037, 359.0
2024-05-28 16:19:37.047,2024-05-28 16:19:37.066,2024-05-28 16:19:36.995,-,2024-05-28 16:19:37.000,1.58,51.31142122,9.4726359, 6.4
2024-05-28 16:19:38.047,2024-05-28 16:19:38.066,2024-05-28 16:19:37.995,-,2024-05-28 16:19:38.000,1.86,51.31143834,9.47264077, 358.1
2024-05-28 16:19:39.054,2024-05-28 16:19:39.073,2024-05-28 16:19:39.002,-,2024-05-28 16:19:39.000,2.03,51.31145779,9.47264376, 1.4
2024-05-28 16:19:40.049,2024-05-28 16:19:40.067,2024-05-28 16:19:39.997,-,2024-05-28 16:19:40.000,2.03,51.31147734,9.47264538, 347.1
2024-05-28 16:19:41.053,2024-05-28 16:19:41.072,2024-05-28 16:19:41.002,-,2024-05-28 16:19:41.000,2.04,51.31149561,9.47264592, 350.2
2024-05-28 16:19:42.049,2024-05-28 16:19:42.068,2024-05-28 16:19:41.997,-,2024-05-28 16:19:42.000,1.91,51.31151292,9.47264776, 351.9
2024-05-28 16:19:43.050,2024-05-28 16:19:43.069,2024-05-28 16:19:42.998,-,2024-05-28 16:19:43.000,1.36,51.31152587,9.47265481, 0.7
2024-05-28 16:19:44.054,2024-05-28 16:19:44.072,2024-05-28 16:19:44.002,-,2024-05-28 16:19:44.000,1.44,51.3115362,9.47266473, 352.7
2024-05-28 16:19:45.053,2024-05-28 16:19:45.072,2024-05-28 16:19:45.001,-,2024-05-28 16:19:45.000,2.0,51.31155069,9.47266912, 345.6
2024-05-28 16:19:46.054,2024-05-28 16:19:46.073,2024-05-28 16:19:46.002,-,2024-05-28 16:19:46.000,1.7,51.31156608,9.47267337, 352.0
2024-05-28 16:19:47.053,2024-05-28 16:19:47.072,2024-05-28 16:19:47.001,-,2024-05-28 16:19:47.000,1.73,51.31158068,9.4726798, 358.8
2024-05-28 16:19:48.048,2024-05-28 16:19:48.067,2024-05-28 16:19:47.997,-,2024-05-28 16:19:48.000,1.84,51.31159573,9.47268444, 348.1
2024-05-28 16:19:49.050,2024-05-28 16:19:49.069,2024-05-28 16:19:48.998,-,2024-05-28 16:19:49.000,1.84,51.31161106,9.47268609, 344.4
2024-05-28 16:19:50.050,2024-05-28 16:19:50.069,2024-05-28 16:19:49.998,-,2024-05-28 16:19:50.000,1.65,51.31162593,9.47268858, 350.4
2024-05-28 16:19:51.052,2024-05-28 16:19:51.071,2024-05-28 16:19:51.000,-,2024-05-28 16:19:51.000,1.85,51.31164187,9.47269217, 349.8
2024-05-28 16:19:52.052,2024-05-28 16:19:52.071,2024-05-28 16:19:52.001,-,2024-05-28 16:19:52.000,1.51,51.3116571,9.47269666, 358.5
2024-05-28 16:19:53.053,2024-05-28 16:19:53.072,2024-05-28 16:19:53.001,-,2024-05-28 16:19:53.000,1.38,51.31166995,9.47270178, 350.9
2024-05-28 16:19:54.054,2024-05-28 16:19:54.073,2024-05-28 16:19:54.002,-,2024-05-28 16:19:54.000,1.69,51.31168476,9.47270503, 358.1
2024-05-28 16:19:55.048,2024-05-28 16:19:55.067,2024-05-28 16:19:54.996,-,2024-05-28 16:19:55.000,1.33,51.31169843,9.47271025, 352.3
2024-05-28 16:19:56.043,2024-05-28 16:19:56.062,2024-05-28 16:19:55.991,-,2024-05-28 16:19:56.000,1.45,51.31171068,9.47271626, 358.6
2024-05-28 16:19:57.050,2024-05-28 16:19:57.069,2024-05-28 16:19:56.998,-,2024-05-28 16:19:57.000,1.27,51.31172285,9.47272235, 356.0
2024-05-28 16:19:58.047,2024-05-28 16:19:58.066,2024-05-28 16:19:57.995,-,2024-05-28 16:19:58.000,0.97,51.31173271,9.47272729, 358.9
2024-05-28 16:19:59.046,2024-05-28 16:19:59.065,2024-05-28 16:19:58.994,-,2024-05-28 16:19:59.000,1.49,51.31174476,9.47273271, 4.1
2024-05-28 16:20:00.047,2024-05-28 16:20:00.065,2024-05-28 16:19:59.995,-,2024-05-28 16:20:00.000,1.28,51.31175718,9.47274309, 2.1
2024-05-28 16:20:01.048,2024-05-28 16:20:01.067,2024-05-28 16:20:00.996,-,2024-05-28 16:20:01.000,1.04,51.31176692,9.47275288, 10.8
2024-05-28 16:20:02.050,2024-05-28 16:20:02.069,2024-05-28 16:20:01.998,-,2024-05-28 16:20:02.000,1.05,51.31177493,9.472764, 3.8
2024-05-28 16:20:03.052,2024-05-28 16:20:03.071,2024-05-28 16:20:03.001,-,2024-05-28 16:20:03.000,1.04,51.3117884,9.47275914, 352.5
2024-05-28 16:20:04.056,2024-05-28 16:20:04.075,2024-05-28 16:20:04.004,-,2024-05-28 16:20:04.000,0.83,51.3117995,9.47275328, 356.9
2024-05-28 16:20:05.056,2024-05-28 16:20:05.075,2024-05-28 16:20:05.004,-,2024-05-28 16:20:05.000,1.02,51.31181214,9.47274393, 346.5
2024-05-28 16:20:06.050,2024-05-28 16:20:06.069,2024-05-28 16:20:05.998,-,2024-05-28 16:20:06.000,1.23,51.3118271,9.4727334, 353.0
2024-05-28 16:20:07.050,2024-05-28 16:20:07.069,2024-05-28 16:20:06.999,-,2024-05-28 16:20:07.000,1.12,51.31184292,9.47272376, 354.3
2024-05-28 16:20:08.048,2024-05-28 16:20:08.067,2024-05-28 16:20:07.996,-,2024-05-28 16:20:08.000,0.7,51.3118551,9.47271869, 355.6
2024-05-28 16:20:09.048,2024-05-28 16:20:09.067,2024-05-28 16:20:08.997,-,2024-05-28 16:20:09.000,1.2,51.31186257,9.47272981, 357.5
2024-05-28 16:20:10.046,2024-05-28 16:20:10.065,2024-05-28 16:20:09.994,-,2024-05-28 16:20:10.000,1.48,51.31186625,9.47275153, 358.4
2024-05-28 16:20:11.048,2024-05-28 16:20:11.067,2024-05-28 16:20:10.996,-,2024-05-28 16:20:11.000,1.18,51.31186699,9.47277297, 359.0
2024-05-28 16:20:12.047,2024-05-28 16:20:12.066,2024-05-28 16:20:11.995,-,2024-05-28 16:20:12.000,1.65,51.31186144,9.47279145, 141.2
2024-05-28 16:20:13.047,2024-05-28 16:20:13.066,2024-05-28 16:20:12.995,-,2024-05-28 16:20:13.000,1.39,51.31185224,9.47280603, 141.2
2024-05-28 16:20:14.050,2024-05-28 16:20:14.069,2024-05-28 16:20:13.998,-,2024-05-28 16:20:14.000,0.94,51.3118448,9.47281472, 141.1
2024-05-28 16:20:15.048,2024-05-28 16:20:15.067,2024-05-28 16:20:14.997,-,2024-05-28 16:20:15.000,1.18,51.31183732,9.4728203, 141.1
2024-05-28 16:20:16.043,2024-05-28 16:20:16.062,2024-05-28 16:20:15.992,-,2024-05-28 16:20:16.000,2.8,51.31181938,9.47283044, 160.6
2024-05-28 16:20:17.049,2024-05-28 16:20:17.067,2024-05-28 16:20:16.997,-,2024-05-28 16:20:17.000,1.81,51.31180156,9.47284652, 155.1
2024-05-28 16:20:18.050,2024-05-28 16:20:18.068,2024-05-28 16:20:17.998,-,2024-05-28 16:20:18.000,1.45,51.31179524,9.47286496, 96.5
2024-05-28 16:20:19.049,2024-05-28 16:20:19.067,2024-05-28 16:20:18.997,-,2024-05-28 16:20:19.000,2.34,51.31179387,9.47289596, 105.3
2024-05-28 16:20:20.050,2024-05-28 16:20:20.069,2024-05-28 16:20:19.998,-,2024-05-28 16:20:20.000,0.84,51.3117977,9.47292286, 105.7
2024-05-28 16:20:21.048,2024-05-28 16:20:21.067,2024-05-28 16:20:20.996,-,2024-05-28 16:20:21.000,1.14,51.31180447,9.47294101, 105.7
2024-05-28 16:20:22.051,2024-05-28 16:20:22.070,2024-05-28 16:20:21.999,-,2024-05-28 16:20:22.000,2.17,51.3118116,9.47297039, 84.5
2024-05-28 16:20:23.049,2024-05-28 16:20:23.068,2024-05-28 16:20:22.997,-,2024-05-28 16:20:23.000,1.4,51.31181843,9.47300223, 90.7
2024-05-28 16:20:24.049,2024-05-28 16:20:24.068,2024-05-28 16:20:23.997,-,2024-05-28 16:20:24.000,1.67,51.31182162,9.47303115, 103.6
2024-05-28 16:20:25.045,2024-05-28 16:20:25.064,2024-05-28 16:20:24.993,-,2024-05-28 16:20:25.000,1.36,51.31182346,9.47305868, 106.0
2024-05-28 16:20:26.048,2024-05-28 16:20:26.067,2024-05-28 16:20:25.997,-,2024-05-28 16:20:26.000,2.0,51.31182243,9.47308865, 111.4
2024-05-28 16:20:27.049,2024-05-28 16:20:27.068,2024-05-28 16:20:26.998,-,2024-05-28 16:20:27.000,1.93,51.31182004,9.47312208, 112.5
2024-05-28 16:20:28.046,2024-05-28 16:20:28.065,2024-05-28 16:20:27.994,-,2024-05-28 16:20:28.000,1.94,51.31181915,9.47315534, 108.7
2024-05-28 16:20:29.048,2024-05-28 16:20:29.067,2024-05-28 16:20:28.996,-,2024-05-28 16:20:29.000,1.97,51.31181804,9.47318842, 110.0
2024-05-28 16:20:30.043,2024-05-28 16:20:30.062,2024-05-28 16:20:29.991,-,2024-05-28 16:20:30.000,1.89,51.31181675,9.47322107, 111.5
2024-05-28 16:20:31.045,2024-05-28 16:20:31.064,2024-05-28 16:20:30.993,-,2024-05-28 16:20:31.000,1.9,51.31181556,9.4732535, 106.8
2024-05-28 16:20:32.044,2024-05-28 16:20:32.063,2024-05-28 16:20:31.992,-,2024-05-28 16:20:32.000,1.82,51.31181627,9.47328605, 99.8
2024-05-28 16:20:33.050,2024-05-28 16:20:33.068,2024-05-28 16:20:32.998,-,2024-05-28 16:20:33.000,1.79,51.31181795,9.473318, 98.5
2024-05-28 16:20:34.046,2024-05-28 16:20:34.064,2024-05-28 16:20:33.994,-,2024-05-28 16:20:34.000,1.71,51.31181784,9.47334844, 109.7
2024-05-28 16:20:35.054,2024-05-28 16:20:35.072,2024-05-28 16:20:35.002,-,2024-05-28 16:20:35.000,1.71,51.311815,9.47337659, 116.0
2024-05-28 16:20:36.053,2024-05-28 16:20:36.071,2024-05-28 16:20:36.001,-,2024-05-28 16:20:36.000,1.65,51.31181412,9.47340539, 95.5
2024-05-28 16:20:37.053,2024-05-28 16:20:37.072,2024-05-28 16:20:37.001,-,2024-05-28 16:20:37.000,1.52,51.31181717,9.47343213, 85.6
2024-05-28 16:20:38.058,2024-05-28 16:20:38.076,2024-05-28 16:20:38.006,-,2024-05-28 16:20:38.000,1.65,51.31181966,9.4734584, 94.5
2024-05-28 16:20:39.060,2024-05-28 16:20:39.079,2024-05-28 16:20:39.008,-,2024-05-28 16:20:39.000,1.58,51.31182032,9.47348469, 100.4
2024-05-28 16:20:40.055,2024-05-28 16:20:40.074,2024-05-28 16:20:40.004,-,2024-05-28 16:20:40.000,1.47,51.31182237,9.47350906, 84.2
2024-05-28 16:20:41.060,2024-05-28 16:20:41.079,2024-05-28 16:20:41.009,-,2024-05-28 16:20:41.000,1.61,51.31182596,9.47353349, 82.8
2024-05-28 16:20:42.059,2024-05-28 16:20:42.077,2024-05-28 16:20:42.007,-,2024-05-28 16:20:42.000,1.76,51.31182834,9.4735604, 89.9
2024-05-28 16:20:43.053,2024-05-28 16:20:43.072,2024-05-28 16:20:43.001,-,2024-05-28 16:20:43.000,1.61,51.3118287,9.47358666, 96.6
2024-05-28 16:20:44.057,2024-05-28 16:20:44.076,2024-05-28 16:20:44.006,-,2024-05-28 16:20:44.000,1.72,51.31182763,9.47361236, 94.6
2024-05-28 16:20:45.059,2024-05-28 16:20:45.078,2024-05-28 16:20:45.007,-,2024-05-28 16:20:45.000,1.58,51.31182405,9.47363604, 110.6
2024-05-28 16:20:46.050,2024-05-28 16:20:46.068,2024-05-28 16:20:45.998,-,2024-05-28 16:20:46.000,1.61,51.3118162,9.4736563, 127.3
2024-05-28 16:20:47.050,2024-05-28 16:20:47.069,2024-05-28 16:20:46.998,-,2024-05-28 16:20:47.000,1.75,51.31180858,9.47367834, 111.3
2024-05-28 16:20:48.051,2024-05-28 16:20:48.070,2024-05-28 16:20:48.000,-,2024-05-28 16:20:48.000,1.72,51.31180255,9.47370262, 113.6
2024-05-28 16:20:49.055,2024-05-28 16:20:49.074,2024-05-28 16:20:49.004,-,2024-05-28 16:20:49.000,1.67,51.31179678,9.47372571, 112.5
2024-05-28 16:20:50.060,2024-05-28 16:20:50.078,2024-05-28 16:20:50.008,-,2024-05-28 16:20:50.000,1.54,51.31179244,9.4737477, 100.6
2024-05-28 16:20:51.052,2024-05-28 16:20:51.071,2024-05-28 16:20:51.001,-,2024-05-28 16:20:51.000,1.42,51.31178938,9.47376866, 101.8
2024-05-28 16:20:52.050,2024-05-28 16:20:52.069,2024-05-28 16:20:51.998,-,2024-05-28 16:20:52.000,1.48,51.31178482,9.47378847, 109.6
2024-05-28 16:20:53.052,2024-05-28 16:20:53.071,2024-05-28 16:20:53.000,-,2024-05-28 16:20:53.000,1.65,51.31177941,9.47381025, 103.3
2024-05-28 16:20:54.046,2024-05-28 16:20:54.065,2024-05-28 16:20:53.994,-,2024-05-28 16:20:54.000,1.71,51.31177506,9.47383465, 101.7
2024-05-28 16:20:55.054,2024-05-28 16:20:55.073,2024-05-28 16:20:55.004,-,2024-05-28 16:20:55.000,1.58,51.31177057,9.47385865, 108.4
2024-05-28 16:20:56.055,2024-05-28 16:20:56.073,2024-05-28 16:20:56.003,-,2024-05-28 16:20:56.000,1.6,51.31176644,9.47388154, 104.9
2024-05-28 16:20:57.061,2024-05-28 16:20:57.080,2024-05-28 16:20:57.009,-,2024-05-28 16:20:57.000,1.8,51.31176209,9.47390659, 104.4
2024-05-28 16:20:58.050,2024-05-28 16:20:58.068,2024-05-28 16:20:57.998,-,2024-05-28 16:20:58.000,1.71,51.31175768,9.47393196, 103.5
2024-05-28 16:20:59.046,2024-05-28 16:20:59.065,2024-05-28 16:20:58.994,-,2024-05-28 16:20:59.000,1.91,51.31175168,9.47395762, 110.3
2024-05-28 16:21:00.053,2024-05-28 16:21:00.072,2024-05-28 16:21:00.002,-,2024-05-28 16:21:00.000,1.91,51.31174501,9.47398395, 109.3
2024-05-28 16:21:01.052,2024-05-28 16:21:01.071,2024-05-28 16:21:01.000,-,2024-05-28 16:21:01.000,1.79,51.31173857,9.47400992, 110.6
2024-05-28 16:21:02.056,2024-05-28 16:21:02.075,2024-05-28 16:21:02.005,-,2024-05-28 16:21:02.000,1.57,51.31173528,9.47403564, 98.3
2024-05-28 16:21:03.057,2024-05-28 16:21:03.076,2024-05-28 16:21:03.005,-,2024-05-28 16:21:03.000,1.71,51.31173436,9.47406201, 92.2
2024-05-28 16:21:04.054,2024-05-28 16:21:04.072,2024-05-28 16:21:04.002,-,2024-05-28 16:21:04.000,1.58,51.31173559,9.47408685, 81.8
2024-05-28 16:21:05.046,2024-05-28 16:21:05.065,2024-05-28 16:21:04.994,-,2024-05-28 16:21:05.000,1.49,51.31173734,9.4741093, 85.2
2024-05-28 16:21:06.050,2024-05-28 16:21:06.068,2024-05-28 16:21:05.998,-,2024-05-28 16:21:06.000,1.83,51.31173959,9.47413424, 82.3
2024-05-28 16:21:07.044,2024-05-28 16:21:07.063,2024-05-28 16:21:06.992,-,2024-05-28 16:21:07.000,2.16,51.31174279,9.47416419, 76.0
2024-05-28 16:21:08.047,2024-05-28 16:21:08.066,2024-05-28 16:21:07.996,-,2024-05-28 16:21:08.000,2.32,51.31174457,9.47419752, 90.6
2024-05-28 16:21:09.051,2024-05-28 16:21:09.069,2024-05-28 16:21:08.999,-,2024-05-28 16:21:09.000,2.34,51.31174177,9.47423318, 100.3
2024-05-28 16:21:10.049,2024-05-28 16:21:10.068,2024-05-28 16:21:09.998,-,2024-05-28 16:21:10.000,2.29,51.31173453,9.4742673, 113.1
2024-05-28 16:21:11.056,2024-05-28 16:21:11.075,2024-05-28 16:21:11.004,-,2024-05-28 16:21:11.000,2.16,51.31172372,9.47429694, 126.6
2024-05-28 16:21:12.057,2024-05-28 16:21:12.076,2024-05-28 16:21:12.005,-,2024-05-28 16:21:12.000,2.28,51.31171252,9.47432646, 115.2
2024-05-28 16:21:13.054,2024-05-28 16:21:13.073,2024-05-28 16:21:13.003,-,2024-05-28 16:21:13.000,2.12,51.31170794,9.47435745, 90.7
2024-05-28 16:21:14.053,2024-05-28 16:21:14.072,2024-05-28 16:21:14.001,-,2024-05-28 16:21:14.000,2.29,51.31170463,9.47438946, 105.8
2024-05-28 16:21:15.057,2024-05-28 16:21:15.076,2024-05-28 16:21:15.005,-,2024-05-28 16:21:15.000,2.34,51.31169514,9.4744199, 123.3
2024-05-28 16:21:16.056,2024-05-28 16:21:16.075,2024-05-28 16:21:16.005,-,2024-05-28 16:21:16.000,2.57,51.31168161,9.47444956, 123.1
2024-05-28 16:21:17.058,2024-05-28 16:21:17.077,2024-05-28 16:21:17.006,-,2024-05-28 16:21:17.000,2.15,51.31167197,9.47447993, 115.2
2024-05-28 16:21:18.056,2024-05-28 16:21:18.075,2024-05-28 16:21:18.006,-,2024-05-28 16:21:18.000,2.11,51.31166359,9.47450797, 120.8
2024-05-28 16:21:19.059,2024-05-28 16:21:19.077,2024-05-28 16:21:19.008,-,2024-05-28 16:21:19.000,2.16,51.31165371,9.47453609, 125.6
2024-05-28 16:21:20.052,2024-05-28 16:21:20.071,2024-05-28 16:21:20.000,-,2024-05-28 16:21:20.000,1.88,51.31164439,9.47456275, 124.0
2024-05-28 16:21:21.045,2024-05-28 16:21:21.064,2024-05-28 16:21:20.993,-,2024-05-28 16:21:21.000,1.54,51.31163793,9.47458649, 125.3
2024-05-28 16:21:22.048,2024-05-28 16:21:22.066,2024-05-28 16:21:21.996,-,2024-05-28 16:21:22.000,1.19,51.31163463,9.4746045, 138.0
2024-05-28 16:21:23.049,2024-05-28 16:21:23.068,2024-05-28 16:21:22.997,-,2024-05-28 16:21:23.000,0.77,51.31163315,9.47461686, 146.9
2024-05-28 16:21:24.054,2024-05-28 16:21:24.073,2024-05-28 16:21:24.002,-,2024-05-28 16:21:24.000,0.79,51.31163039,9.47462714, 142.4
2024-05-28 16:21:25.064,2024-05-28 16:21:25.083,2024-05-28 16:21:25.014,-,2024-05-28 16:21:25.000,0.44,51.31162896,9.47463553, 146.1
2024-05-28 16:21:26.057,2024-05-28 16:21:26.076,2024-05-28 16:21:26.006,-,2024-05-28 16:21:26.000,0.48,51.31162996,9.47464016, 151.1
2024-05-28 16:21:27.057,2024-05-28 16:21:27.075,2024-05-28 16:21:27.005,-,2024-05-28 16:21:27.000,0.43,51.31163058,9.4746471, 131.9
2024-05-28 16:21:28.052,2024-05-28 16:21:28.071,2024-05-28 16:21:28.002,-,2024-05-28 16:21:28.000,1.59,51.31162595,9.47466189, 138.7
2024-05-28 16:21:29.051,2024-05-28 16:21:29.070,2024-05-28 16:21:29.000,-,2024-05-28 16:21:29.000,0.36,51.31162257,9.47467305, 149.4
2024-05-28 16:21:30.050,2024-05-28 16:21:30.069,2024-05-28 16:21:29.998,-,2024-05-28 16:21:30.000,1.06,51.31161568,9.47467849, 174.1
2024-05-28 16:21:31.060,2024-05-28 16:21:31.079,2024-05-28 16:21:31.008,-,2024-05-28 16:21:31.000,1.79,51.31159961,9.47468082, 181.6
2024-05-28 16:21:32.057,2024-05-28 16:21:32.076,2024-05-28 16:21:32.006,-,2024-05-28 16:21:32.000,1.84,51.31158065,9.47468119, 187.7
2024-05-28 16:21:33.052,2024-05-28 16:21:33.071,2024-05-28 16:21:33.001,-,2024-05-28 16:21:33.000,2.17,51.31155979,9.47468221, 180.0
2024-05-28 16:21:34.055,2024-05-28 16:21:34.073,2024-05-28 16:21:34.003,-,2024-05-28 16:21:34.000,1.59,51.31154031,9.4746827, 187.0
2024-05-28 16:21:35.052,2024-05-28 16:21:35.070,2024-05-28 16:21:35.000,-,2024-05-28 16:21:35.000,1.76,51.31151908,9.47468123, 189.9
2024-05-28 16:21:36.049,2024-05-28 16:21:36.068,2024-05-28 16:21:35.997,-,2024-05-28 16:21:36.000,1.65,51.31149639,9.47467951, 187.9
2024-05-28 16:21:37.052,2024-05-28 16:21:37.071,2024-05-28 16:21:37.001,-,2024-05-28 16:21:37.000,1.29,51.31147666,9.47467993, 188.6
2024-05-28 16:21:38.067,2024-05-28 16:21:38.085,2024-05-28 16:21:38.016,-,2024-05-28 16:21:38.000,1.0,51.3114579,9.47468171, 186.7
2024-05-28 16:21:39.056,2024-05-28 16:21:39.075,2024-05-28 16:21:39.005,-,2024-05-28 16:21:39.000,1.37,51.31143817,9.47468057, 199.5
2024-05-28 16:21:40.052,2024-05-28 16:21:40.071,2024-05-28 16:21:40.000,-,2024-05-28 16:21:40.000,1.34,51.31141898,9.47467854, 195.9
2024-05-28 16:21:41.048,2024-05-28 16:21:41.067,2024-05-28 16:21:40.996,-,2024-05-28 16:21:41.000,0.93,51.31140272,9.47467905, 189.6
2024-05-28 16:21:42.053,2024-05-28 16:21:42.072,2024-05-28 16:21:42.001,-,2024-05-28 16:21:42.000,0.28,51.31139308,9.47468144, 190.5
2024-05-28 16:21:43.056,2024-05-28 16:21:43.075,2024-05-28 16:21:43.005,-,2024-05-28 16:21:43.000,0.0,51.31138219,9.47469063, 0.0
2024-05-28 16:21:44.054,2024-05-28 16:21:44.072,2024-05-28 16:21:44.002,-,2024-05-28 16:21:44.000,0.0,51.31137673,9.47469381, 0.0
2024-05-28 16:21:45.049,2024-05-28 16:21:45.068,2024-05-28 16:21:44.997,-,2024-05-28 16:21:45.000,0.0,51.31137223,9.47469503, 0.0
2024-05-28 16:21:46.049,2024-05-28 16:21:46.068,2024-05-28 16:21:45.997,-,2024-05-28 16:21:46.000,0.0,51.31136953,9.47469489, 0.0
